id,Region,System,Planet,Moon,Corporation,FirstOre,FirstQuantity,SecondOre,SecondQuantity,ThirdOre,ThirdQuantity,FourthOre,FourthQuantity,Moon_Type,Available
1,Catch,6X7-JO,2,1,,Bitumens,0.23,Glossy Scordite,0.28,Opulent Pyroxeres,0.2,Sparkling Plagioclase,0.28,,
2,Catch,6X7-JO,4,1,,Coesite,0.19,Opulent Pyroxeres,0.48,Platinoid Omber,0.32,,,,
3,Catch,6X7-JO,5,1,,Bitumens,0.17,Coesite,0.35,Jet Ochre,0.18,Scintillating Hemorphite,0.3,,
4,Catch,6X7-JO,6,1,,Flawless Arkonor,0.19,Opulent Pyroxeres,0.34,Resplendant Kernite,0.25,Sylvite,0.22,,
5,Catch,6X7-JO,7,1,,Bitumens,0.2,Coesite,0.3,Flawless Arkonor,0.17,Sparkling Plagioclase,0.33,,
6,Catch,6X7-JO,7,2,,Cobaltite,0.42,Coesite,0.19,Resplendant Kernite,0.18,Sylvite,0.21,,
7,Catch,6X7-JO,7,3,,Bitumens,0.29,Flawless Arkonor,0.3,Lustrous Hedbergite,0.2,Zeolites,0.21,,
8,Catch,6X7-JO,7,4,,Cobaltite,0.42,Coesite,0.18,Resplendant Kernite,0.2,Titanite,0.19,,
9,Catch,6X7-JO,7,5,,Flawless Arkonor,0.42,Immaculate Jaspet,0.18,Otavite,0.41,,,,
10,Catch,6X7-JO,7,6,,Chromite,0.19,Pellucid Crokite,0.23,Vanadinite,0.18,Ytterbite,0.4,,
11,Catch,6X7-JO,7,7,,Jet Ochre,0.32,Scintillating Hemorphite,0.24,Stable Veldspar,0.21,Zeolites,0.23,,
12,Catch,6X7-JO,7,8,,Platinoid Omber,0.31,Sparkling Plagioclase,0.45,Zeolites,0.24,,,,
13,Catch,6X7-JO,7,9,,Bitumens,0.16,Glossy Scordite,0.55,Scintillating Hemorphite,0.29,,,,
14,Catch,6X7-JO,7,10,,Bitumens,0.57,Brilliant Gneiss,0.43,,,,,,
15,Catch,6X7-JO,7,11,,Flawless Arkonor,0.43,Resplendant Kernite,0.24,Zeolites,0.23,,,,
16,Catch,6X7-JO,7,12,,Cobaltite,0.19,Glossy Scordite,0.43,Immaculate Jaspet,0.26,Sperrylite,0.11,,
17,Catch,6X7-JO,7,13,,Coesite,0.2,Flawless Arkonor,0.26,Platinoid Omber,0.31,Resplendant Kernite,0.22,,
18,Catch,6X7-JO,7,14,,Cobaltite,0.32,Cubic Bistot,0.23,Dazzling Spodumain,0.17,Zeolites,0.28,,
19,Catch,6X7-JO,8,1,,Cubic Bistot,0.31,Opulent Pyroxeres,0.18,Stable Veldspar,0.29,Zeolites,0.22,,
20,Catch,6X7-JO,8,2,,Coesite,0.19,Platinoid Omber,0.35,Resplendant Kernite,0.28,Sparkling Plagioclase,0.18,,
21,Catch,6X7-JO,8,3,,Pellucid Crokite,0.27,Resplendant Kernite,0.53,Zeolites,0.2,,,,
22,Catch,6X7-JO,8,4,,Bitumens,0.22,Cubic Bistot,0.3,Dazzling Spodumain,0.31,Opulent Pyroxeres,0.17,,
23,Catch,6X7-JO,8,5,,Bitumens,0.21,Cubic Bistot,0.22,Platinoid Omber,0.32,Scintillating Hemorphite,0.26,,
24,Catch,6X7-JO,9,1,,Brilliant Gneiss,0.19,Flawless Arkonor,0.31,Jet Ochre,0.31,Sylvite,0.19,,
25,Catch,6X7-JO,9,2,,Bitumens,0.21,Glossy Scordite,0.3,Resplendant Kernite,0.2,Zeolites,0.29,,
26,Catch,6X7-JO,9,3,,Cobaltite,0.26,Dazzling Spodumain,0.29,Flawless Arkonor,0.23,Immaculate Jaspet,0.22,,
27,Catch,6X7-JO,9,4,,Brilliant Gneiss,0.31,Glossy Scordite,0.32,Resplendant Kernite,0.19,Sylvite,0.18,,
28,Catch,6X7-JO,9,5,,Bitumens,0.18,Brilliant Gneiss,0.51,Coesite,0.31,,,,
29,Catch,6X7-JO,9,6,,Opulent Pyroxeres,0.19,Platinoid Omber,0.32,Scintillating Hemorphite,0.28,Sylvite,0.19,,
30,Catch,6X7-JO,9,7,,Cobaltite,0.28,Pellucid Crokite,0.2,Platinoid Omber,0.28,Sparkling Plagioclase,0.24,,
31,Catch,6X7-JO,9,8,,Glossy Scordite,0.24,Pellucid Crokite,0.33,Scintillating Hemorphite,0.2,Zeolites,0.26,,
32,Catch,6X7-JO,9,9,,Flawless Arkonor,0.28,Resplendant Kernite,0.23,Scintillating Hemorphite,0.31,Sylvite,0.18,,
33,Catch,6X7-JO,9,10,,Bitumens,0.2,Coesite,0.2,Flawless Arkonor,0.2,Stable Veldspar,0.31,,
34,Catch,6X7-JO,9,11,,Bitumens,0.22,Coesite,0.54,Stable Veldspar,0.23,,,,
35,Catch,6X7-JO,9,12,,Bitumens,0.17,Cobaltite,0.42,Euxenite,0.21,Scintillating Hemorphite,0.2,,
36,Catch,6X7-JO,9,13,,Cobaltite,0.32,Coesite,0.23,Cubic Bistot,0.27,Immaculate Jaspet,0.18,,
37,Catch,6X7-JO,9,14,,Immaculate Jaspet,0.2,Scintillating Hemorphite,0.61,Zeolites,0.19,,,,
38,Catch,6X7-JO,9,15,,Cobaltite,0.26,Jet Ochre,0.24,Stable Veldspar,0.5,,,,
39,Catch,6X7-JO,9,16,,Bitumens,0.33,Cubic Bistot,0.23,Zeolites,0.53,,,,
40,Catch,6X7-JO,9,17,,Coesite,0.2,Dazzling Spodumain,0.26,Lustrous Hedbergite,0.37,Pellucid Crokite,0.17,,
41,Catch,A-803L,2,1,,Dazzling Spodumain,0.17,Pellucid Crokite,0.3,Sparkling Plagioclase,0.32,Sylvite,0.21,,
42,Catch,A-803L,3,1,,Coesite,0.18,Opulent Pyroxeres,0.17,Sparkling Plagioclase,0.32,Zeolites,0.33,,
43,Catch,A-803L,4,1,,Coesite,0.22,Jet Ochre,0.2,Lustrous Hedbergite,0.27,Resplendant Kernite,0.32,,
44,Catch,A-803L,4,2,,Chromite,0.32,Cobaltite,0.2,Cubic Bistot,0.18,Flawless Arkonor,0.3,,
45,Catch,A-803L,4,3,,Brilliant Gneiss,0.33,Lustrous Hedbergite,0.33,Sparkling Plagioclase,0.17,Zeolites,0.17,,
46,Catch,A-803L,4,4,,Cubic Bistot,0.26,Dazzling Spodumain,0.25,Stable Veldspar,0.28,Sylvite,0.21,,
47,Catch,A-803L,4,5,,Dazzling Spodumain,0.31,Opulent Pyroxeres,0.31,Stable Veldspar,0.21,Zeolites,0.16,,
48,Catch,A-803L,5,1,,Jet Ochre,0.65,Platinoid Omber,0.16,Zeolites,0.19,,,,
49,Catch,A-803L,5,2,,Coesite,0.22,Flawless Arkonor,0.21,Resplendant Kernite,0.32,Zeolites,0.24,,
50,Catch,A-803L,5,3,,Platinoid Omber,0.3,Resplendant Kernite,0.22,Sylvite,0.26,Zeolites,0.22,,
51,Catch,A-803L,7,1,,Platinoid Omber,0.22,Resplendant Kernite,0.32,Zeolites,0.46,,,,
52,Catch,A-803L,7,2,,Bitumens,0.2,Resplendant Kernite,0.28,Sparkling Plagioclase,0.53,,,,
53,Catch,A-803L,7,3,,Coesite,0.22,Cubic Bistot,0.28,Flawless Arkonor,0.21,Stable Veldspar,0.29,,
54,Catch,A-803L,7,4,,Bitumens,0.2,Flawless Arkonor,0.33,Immaculate Jaspet,0.25,Platinoid Omber,0.22,,
55,Catch,A-803L,7,5,,Coesite,0.2,Glossy Scordite,0.31,Pellucid Crokite,0.2,Sparkling Plagioclase,0.29,,
56,Catch,A-803L,7,6,,Cobaltite,0.19,Immaculate Jaspet,0.39,Sparkling Plagioclase,0.32,Sperrylite,0.1,,
57,Catch,A-803L,7,7,,Bitumens,0.18,Flawless Arkonor,0.33,Lustrous Hedbergite,0.21,Sylvite,0.28,,
58,Catch,A-803L,7,8,,Bitumens,0.24,Cubic Bistot,0.29,Dazzling Spodumain,0.16,Jet Ochre,0.31,,
59,Catch,A-803L,7,9,,Cubic Bistot,0.29,Glossy Scordite,0.18,Platinoid Omber,0.34,Sylvite,0.19,,
60,Catch,A-803L,7,10,,Coesite,0.17,Flawless Arkonor,0.21,Lustrous Hedbergite,0.28,Opulent Pyroxeres,0.34,,
61,Catch,A-803L,7,11,,Flawless Arkonor,0.28,Resplendant Kernite,0.3,Sparkling Plagioclase,0.21,Zeolites,0.21,,
62,Catch,A-803L,7,12,,Brilliant Gneiss,0.28,Coesite,0.24,Immaculate Jaspet,0.19,Lustrous Hedbergite,0.28,,
63,Catch,A-803L,7,13,,Bitumens,0.19,Coesite,0.27,Platinoid Omber,0.2,Sparkling Plagioclase,0.33,,
64,Catch,A-803L,7,14,,Bitumens,0.28,Flawless Arkonor,0.2,Scintillating Hemorphite,0.32,Sylvite,0.2,,
65,Catch,A-803L,7,15,,Bitumens,0.43,Coesite,0.35,Immaculate Jaspet,0.22,,,,
66,Catch,A-803L,7,16,,Opulent Pyroxeres,0.26,Resplendant Kernite,0.17,Sparkling Plagioclase,0.35,Zeolites,0.23,,
67,Catch,A-803L,7,17,,Bitumens,0.31,Lustrous Hedbergite,0.2,Sylvite,0.24,Zeolites,0.24,,
68,Catch,A-803L,7,18,,Brilliant Gneiss,0.32,Pellucid Crokite,0.29,Platinoid Omber,0.22,Zeolites,0.17,,
69,Catch,A-803L,8,1,,Bitumens,0.22,Cobaltite,0.3,Dazzling Spodumain,0.26,Platinoid Omber,0.23,,
70,Catch,A-803L,8,2,,Cobaltite,0.31,Scintillating Hemorphite,0.21,Sparkling Plagioclase,0.47,,,,
71,Catch,A-803L,8,3,,Bitumens,0.24,Coesite,0.21,Flawless Arkonor,0.35,Lustrous Hedbergite,0.21,,
72,Catch,A-803L,8,4,,Immaculate Jaspet,0.35,Opulent Pyroxeres,0.28,Stable Veldspar,0.17,Sylvite,0.2,,
73,Catch,A-803L,8,5,,Cobaltite,0.23,Cubic Bistot,0.27,Opulent Pyroxeres,0.4,Vanadinite,0.1,,
74,Catch,I-8D0G,4,1,,Flawless Arkonor,0.5,Resplendant Kernite,0.31,Zeolites,0.2,,,,
75,Catch,I-8D0G,5,1,,Coesite,0.22,Lustrous Hedbergite,0.53,Opulent Pyroxeres,0.26,,,,
76,Catch,I-8D0G,6,1,,Bitumens,0.17,Cubic Bistot,0.29,Glossy Scordite,0.21,Jet Ochre,0.32,,
77,Catch,I-8D0G,6,2,,Bitumens,0.2,Pellucid Crokite,0.32,Scintillating Hemorphite,0.19,Zeolites,0.29,,
78,Catch,I-8D0G,7,1,,Bitumens,0.19,Lustrous Hedbergite,0.81,,,,,,
79,Catch,I-8D0G,7,2,,Immaculate Jaspet,0.16,Jet Ochre,0.3,Zeolites,0.53,,,,
80,Catch,I-8D0G,8,1,,Coesite,0.33,Dazzling Spodumain,0.19,Opulent Pyroxeres,0.3,Zeolites,0.18,,
81,Catch,I-8D0G,8,2,,Coesite,0.23,Dazzling Spodumain,0.26,Glossy Scordite,0.2,Jet Ochre,0.32,,
82,Catch,GJ0-OJ,1,1,,Platinoid Omber,0.5,Sylvite,0.31,Zeolites,0.19,,,,
83,Catch,GJ0-OJ,2,1,,Glossy Scordite,0.32,Opulent Pyroxeres,0.16,Zeolites,0.52,,,,
84,Catch,GJ0-OJ,3,1,,Cobaltite,0.28,Flawless Arkonor,0.19,Glossy Scordite,0.24,Sparkling Plagioclase,0.29,,
85,Catch,GJ0-OJ,4,1,,Resplendant Kernite,0.3,Scintillating Hemorphite,0.24,Sparkling Plagioclase,0.26,Zeolites,0.2,,
86,Catch,GJ0-OJ,5,1,,Bitumens,0.2,Dazzling Spodumain,0.49,Jet Ochre,0.31,,,,
87,Catch,GJ0-OJ,6,1,,Cobaltite,0.26,Jet Ochre,0.22,Lustrous Hedbergite,0.29,Pellucid Crokite,0.22,,
88,Catch,GJ0-OJ,6,2,,Cobaltite,0.23,Flawless Arkonor,0.39,Scintillating Hemorphite,0.28,Vanadinite,0.11,,
89,Catch,GJ0-OJ,6,3,,Cobaltite,0.37,Coesite,0.22,Dazzling Spodumain,0.2,Euxenite,0.2,,
90,Catch,GJ0-OJ,7,1,,Brilliant Gneiss,0.25,Immaculate Jaspet,0.35,Sparkling Plagioclase,0.2,Sylvite,0.19,,
91,Catch,GJ0-OJ,8,1,,Bitumens,0.22,Glossy Scordite,0.33,Immaculate Jaspet,0.26,Resplendant Kernite,0.18,,
92,Catch,GJ0-OJ,8,2,,Bitumens,0.28,Brilliant Gneiss,0.21,Coesite,0.17,Zeolites,0.33,,
93,Catch,GJ0-OJ,8,3,,Bitumens,0.3,Brilliant Gneiss,0.27,Coesite,0.21,Pellucid Crokite,0.22,,
94,Catch,GJ0-OJ,8,4,,Cobaltite,0.27,Dazzling Spodumain,0.52,Stable Veldspar,0.21,,,,
95,Catch,GJ0-OJ,8,5,,Bitumens,0.22,Cubic Bistot,0.27,Jet Ochre,0.27,Sparkling Plagioclase,0.25,,
96,Catch,GJ0-OJ,8,6,,Bitumens,0.19,Brilliant Gneiss,0.2,Pellucid Crokite,0.35,Sylvite,0.26,,
97,Catch,GJ0-OJ,8,7,,Cobaltite,0.37,Jet Ochre,0.18,Sparkling Plagioclase,0.22,Sylvite,0.22,,
98,Catch,GJ0-OJ,8,8,,Bitumens,0.22,Resplendant Kernite,0.29,Sparkling Plagioclase,0.19,Zeolites,0.3,,
99,Catch,GJ0-OJ,8,9,,Brilliant Gneiss,0.32,Glossy Scordite,0.21,Sylvite,0.2,Zeolites,0.27,,
100,Catch,GJ0-OJ,8,10,,Bitumens,0.2,Dazzling Spodumain,0.28,Scintillating Hemorphite,0.52,,,,
101,Catch,GJ0-OJ,8,11,,Jet Ochre,0.19,Stable Veldspar,0.28,Sylvite,0.18,Zeolites,0.35,,
102,Catch,GJ0-OJ,8,12,,Coesite,0.18,Immaculate Jaspet,0.54,Pellucid Crokite,0.28,,,,
103,Catch,GJ0-OJ,8,13,,Glossy Scordite,0.22,Jet Ochre,0.29,Sparkling Plagioclase,0.26,Sylvite,0.23,,
104,Catch,GJ0-OJ,8,14,,Cinnabar,0.33,Opulent Pyroxeres,0.31,Scintillating Hemorphite,0.28,Stable Veldspar,0.08,,
105,Catch,GJ0-OJ,8,15,,Cubic Bistot,0.2,Immaculate Jaspet,0.31,Resplendant Kernite,0.27,Zeolites,0.23,,
106,Catch,GJ0-OJ,8,16,,Coesite,0.18,Dazzling Spodumain,0.36,Glossy Scordite,0.19,Zeolites,0.27,,
107,Catch,GJ0-OJ,8,17,,Cinnabar,0.2,Cubic Bistot,0.29,Lustrous Hedbergite,0.42,Scheelite,0.08,,
108,Catch,GJ0-OJ,8,18,,Cobaltite,0.35,Jet Ochre,0.4,Pellucid Crokite,0.25,,,,
109,Catch,GJ0-OJ,8,19,,Dazzling Spodumain,0.29,Platinoid Omber,0.32,Scintillating Hemorphite,0.17,Zeolites,0.22,,
110,Catch,GJ0-OJ,8,20,,Coesite,0.17,Opulent Pyroxeres,0.31,Pellucid Crokite,0.53,,,,
111,Catch,GJ0-OJ,8,21,,Brilliant Gneiss,0.11,Chromite,0.26,Opulent Pyroxeres,0.35,Scintillating Hemorphite,0.28,,
112,Catch,GJ0-OJ,9,1,,Bitumens,0.32,Coesite,0.19,Jet Ochre,0.18,Opulent Pyroxeres,0.31,,
113,Catch,GJ0-OJ,9,2,,Bitumens,0.16,Cobaltite,0.47,Scheelite,0.19,Zeolites,0.17,,
114,Catch,GJ0-OJ,9,3,,Bitumens,0.18,Glossy Scordite,0.33,Jet Ochre,0.29,Stable Veldspar,0.21,,
115,Catch,GJ0-OJ,9,4,,Cobaltite,0.31,Immaculate Jaspet,0.23,Jet Ochre,0.2,Opulent Pyroxeres,0.25,,
116,Catch,GJ0-OJ,9,5,,Bitumens,0.3,Pellucid Crokite,0.52,Sylvite,0.18,,,,
117,Catch,GJ0-OJ,9,6,,Bitumens,0.23,Cubic Bistot,0.32,Jet Ochre,0.45,,,,
118,Catch,GJ0-OJ,9,7,,Glossy Scordite,0.28,Opulent Pyroxeres,0.29,Resplendant Kernite,0.2,Zeolites,0.22,,
119,Catch,GJ0-OJ,9,8,,Glossy Scordite,0.18,Sparkling Plagioclase,0.34,Stable Veldspar,0.27,Zeolites,0.21,,
120,Catch,GJ0-OJ,9,9,,Cobaltite,0.32,Flawless Arkonor,0.22,Glossy Scordite,0.24,Resplendant Kernite,0.22,,
121,Catch,GJ0-OJ,9,10,,Coesite,0.19,Platinoid Omber,0.55,Resplendant Kernite,0.26,,,,
122,Catch,GJ0-OJ,9,11,,Cubic Bistot,0.3,Scintillating Hemorphite,0.22,Stable Veldspar,0.29,Zeolites,0.19,,
123,Catch,GJ0-OJ,9,12,,Bitumens,0.19,Brilliant Gneiss,0.24,Jet Ochre,0.19,Vanadinite,0.38,,
124,Catch,GJ0-OJ,9,13,,Bitumens,0.24,Flawless Arkonor,0.28,Opulent Pyroxeres,0.27,Scintillating Hemorphite,0.21,,
125,Catch,GJ0-OJ,9,14,,Scintillating Hemorphite,0.32,Sparkling Plagioclase,0.51,Sylvite,0.17,,,,
126,Catch,GJ0-OJ,9,15,,Coesite,0.24,Cubic Bistot,0.2,Dazzling Spodumain,0.27,Platinoid Omber,0.29,,
127,Catch,GJ0-OJ,9,16,,Bitumens,0.29,Coesite,0.21,Platinoid Omber,0.21,Sylvite,0.28,,
128,Catch,GJ0-OJ,9,17,,Cobaltite,0.44,Sparkling Plagioclase,0.16,Titanite,0.22,Zeolites,0.18,,
129,Catch,GJ0-OJ,9,18,,Bitumens,0.26,Dazzling Spodumain,0.23,Stable Veldspar,0.3,Zeolites,0.21,,
130,Catch,GJ0-OJ,9,19,,Bitumens,0.17,Cubic Bistot,0.33,Platinoid Omber,0.2,Scintillating Hemorphite,0.3,,
131,Catch,GJ0-OJ,9,20,,Bitumens,0.19,Cobaltite,0.4,Sylvite,0.4,,,,
132,Catch,GJ0-OJ,9,21,,Flawless Arkonor,0.18,Opulent Pyroxeres,0.29,Scintillating Hemorphite,0.29,Zeolites,0.24,,
133,Catch,GJ0-OJ,9,22,,Bitumens,0.18,Flawless Arkonor,0.32,Pellucid Crokite,0.21,Sparkling Plagioclase,0.29,,
134,Catch,GJ0-OJ,9,23,,Coesite,0.16,Glossy Scordite,0.29,Platinoid Omber,0.35,Sparkling Plagioclase,0.21,,
135,Catch,GJ0-OJ,9,24,,Cubic Bistot,0.32,Jet Ochre,0.19,Pellucid Crokite,0.31,Sylvite,0.19,,
136,Catch,GJ0-OJ,9,25,,Bitumens,0.32,Lustrous Hedbergite,0.32,Scintillating Hemorphite,0.19,Zeolites,0.16,,
137,Catch,GJ0-OJ,9,26,,Brilliant Gneiss,0.3,Opulent Pyroxeres,0.36,Resplendant Kernite,0.17,Sylvite,0.17,,
138,Catch,GJ0-OJ,10,1,,Coesite,0.19,Dazzling Spodumain,0.26,Glossy Scordite,0.28,Scintillating Hemorphite,0.27,,
139,Catch,GJ0-OJ,10,2,,Cubic Bistot,0.27,Flawless Arkonor,0.34,Lustrous Hedbergite,0.21,Sylvite,0.18,,
140,Catch,GJ0-OJ,10,3,,Coesite,0.2,Jet Ochre,0.32,Platinoid Omber,0.28,Scintillating Hemorphite,0.21,,
141,Catch,GJ0-OJ,10,4,,Coesite,0.22,Cubic Bistot,0.18,Resplendant Kernite,0.61,,,,
142,Catch,GJ0-OJ,10,5,,Coesite,0.18,Dazzling Spodumain,0.33,Immaculate Jaspet,0.2,Jet Ochre,0.29,,
143,Catch,GJ0-OJ,10,6,,Bitumens,0.17,Coesite,0.31,Dazzling Spodumain,0.31,Lustrous Hedbergite,0.2,,
144,Catch,GJ0-OJ,10,7,,Bitumens,0.18,Cobaltite,0.43,Coesite,0.23,Cubic Bistot,0.16,,
145,Catch,GJ0-OJ,10,8,,Cobaltite,0.31,Dazzling Spodumain,0.17,Flawless Arkonor,0.28,Resplendant Kernite,0.24,,
146,Catch,GJ0-OJ,10,9,,Brilliant Gneiss,0.5,Cobaltite,0.27,Coesite,0.23,,,,
147,Catch,GJ0-OJ,10,10,,Glossy Scordite,0.55,Pellucid Crokite,0.28,Zeolites,0.17,,,,
148,Catch,GJ0-OJ,10,11,,Platinoid Omber,0.23,Resplendant Kernite,0.26,Sparkling Plagioclase,0.33,Zeolites,0.18,,
149,Catch,GJ0-OJ,10,12,,Bitumens,0.56,Dazzling Spodumain,0.18,Immaculate Jaspet,0.26,,,,
150,Catch,GJ0-OJ,10,13,,Flawless Arkonor,0.22,Immaculate Jaspet,0.26,Pellucid Crokite,0.33,Sylvite,0.2,,
151,Catch,GJ0-OJ,10,14,,Coesite,0.17,Glossy Scordite,0.33,Platinoid Omber,0.17,Zeolites,0.34,,
152,Catch,GJ0-OJ,10,15,,Bitumens,0.24,Jet Ochre,0.17,Sparkling Plagioclase,0.28,Sylvite,0.29,,
153,Catch,GJ0-OJ,10,16,,Coesite,0.21,Dazzling Spodumain,0.31,Glossy Scordite,0.29,Resplendant Kernite,0.2,,
154,Catch,GJ0-OJ,10,17,,Bitumens,0.22,Coesite,0.31,Resplendant Kernite,0.16,Stable Veldspar,0.3,,
155,Catch,J-ODE7,3,1,,Cobaltite,0.43,Sylvite,0.19,Zeolites,0.38,,,,
156,Catch,J-ODE7,3,2,,Coesite,0.19,Cubic Bistot,0.19,Glossy Scordite,0.32,Pellucid Crokite,0.31,,
157,Catch,J-ODE7,4,1,,Coesite,0.18,Pellucid Crokite,0.31,Resplendant Kernite,0.21,Stable Veldspar,0.3,,
158,Catch,J-ODE7,5,1,,Bitumens,0.24,Brilliant Gneiss,0.31,Immaculate Jaspet,0.18,Lustrous Hedbergite,0.27,,
159,Catch,J-ODE7,5,2,,Scintillating Hemorphite,0.3,Stable Veldspar,0.54,Zeolites,0.16,,,,
160,Catch,J-ODE7,5,3,,Bitumens,0.25,Brilliant Gneiss,0.27,Pellucid Crokite,0.3,Stable Veldspar,0.19,,
161,Catch,J-ODE7,5,4,,Cobaltite,0.33,Cubic Bistot,0.2,Opulent Pyroxeres,0.22,Sylvite,0.26,,
162,Catch,J-ODE7,5,5,,Bitumens,0.37,Platinoid Omber,0.25,Stable Veldspar,0.17,Zeolites,0.21,,
163,Catch,J-ODE7,5,6,,Brilliant Gneiss,0.17,Coesite,0.22,Lustrous Hedbergite,0.29,Resplendant Kernite,0.32,,
164,Catch,J-ODE7,5,7,,Bitumens,0.21,Pellucid Crokite,0.33,Resplendant Kernite,0.15,Scintillating Hemorphite,0.3,,
165,Catch,J-ODE7,5,8,,Coesite,0.2,Lustrous Hedbergite,0.31,Sparkling Plagioclase,0.22,Stable Veldspar,0.26,,
166,Catch,J-ODE7,5,9,,Bitumens,0.16,Coesite,0.29,Dazzling Spodumain,0.22,Flawless Arkonor,0.31,,
167,Catch,J-ODE7,5,10,,Zeolites,0.17,Resplendant Kernite,0.3,Glossy Scordite,0.22,Flawless Arkonor,0.29,,
168,Catch,J-ODE7,5,11,,Cubic Bistot,0.26,Sparkling Plagioclase,0.22,Sylvite,0.17,Zeolites,0.32,,
169,Catch,J-ODE7,5,12,,Bitumens,0.19,Immaculate Jaspet,0.3,Pellucid Crokite,0.31,Scintillating Hemorphite,0.18,,
170,Catch,J-ODE7,5,13,,Brilliant Gneiss,0.31,Coesite,0.22,Cubic Bistot,0.28,Pellucid Crokite,0.19,,
171,Catch,J-ODE7,5,14,,Cobaltite,0.34,Glossy Scordite,0.24,Resplendant Kernite,0.2,Stable Veldspar,0.21,,
172,Catch,J-ODE7,5,15,,Cinnabar,0.2,Coesite,0.45,Sperrylite,0.35,,,,
173,Catch,J-ODE7,5,16,,Cobaltite,0.18,Dazzling Spodumain,0.31,Resplendant Kernite,0.41,Sperrylite,0.08,,
174,Catch,J-ODE7,5,17,,Chromite,0.28,Lustrous Hedbergite,0.12,Platinoid Omber,0.27,Vanadinite,0.32,,
175,Catch,J-ODE7,5,18,,Coesite,0.18,Dazzling Spodumain,0.35,Glossy Scordite,0.21,Scintillating Hemorphite,0.24,,
176,Catch,J-ODE7,5,19,,Bitumens,0.33,Flawless Arkonor,0.18,Immaculate Jaspet,0.28,Sylvite,0.2,,
177,Catch,J-ODE7,6,1,,Bitumens,0.32,Coesite,0.18,Cubic Bistot,0.32,Scintillating Hemorphite,0.16,,
178,Catch,J-ODE7,6,2,,Bitumens,0.18,Lustrous Hedbergite,0.3,Platinoid Omber,0.2,Sylvite,0.3,,
179,Catch,J-ODE7,6,3,,Immaculate Jaspet,0.31,Scintillating Hemorphite,0.28,Sparkling Plagioclase,0.22,Sylvite,0.16,,
180,Catch,J-ODE7,6,4,,Coesite,0.18,Dazzling Spodumain,0.33,Jet Ochre,0.27,Sparkling Plagioclase,0.2,,
181,Catch,J-ODE7,6,5,,Bitumens,0.16,Cubic Bistot,0.21,Pellucid Crokite,0.29,Sylvite,0.33,,
182,Catch,J-ODE7,6,6,,Flawless Arkonor,0.49,Platinoid Omber,0.28,Sylvite,0.21,,,,
183,Catch,J-ODE7,6,7,,Opulent Pyroxeres,0.28,Scintillating Hemorphite,0.17,Sylvite,0.53,,,,
184,Catch,J-ODE7,6,8,,Coesite,0.17,Dazzling Spodumain,0.3,Jet Ochre,0.3,Platinoid Omber,0.21,,
185,Catch,J-ODE7,6,9,,Flawless Arkonor,0.27,Platinoid Omber,0.5,Sylvite,0.21,,,,
186,Catch,JWZ2-V,2,1,,Dazzling Spodumain,0.17,Immaculate Jaspet,0.35,Stable Veldspar,0.31,Zeolites,0.17,,
187,Catch,JWZ2-V,3,1,,Sparkling Plagioclase,0.49,Sylvite,0.19,Zeolites,0.33,,,,
188,Catch,JWZ2-V,4,1,,Coesite,0.32,Dazzling Spodumain,0.29,Platinoid Omber,0.18,Sylvite,0.2,,
189,Catch,JWZ2-V,4,2,,Brilliant Gneiss,0.27,Lustrous Hedbergite,0.33,Stable Veldspar,0.18,Sylvite,0.21,,
190,Catch,JWZ2-V,5,1,,Bitumens,0.27,Immaculate Jaspet,0.21,Resplendant Kernite,0.32,Zeolites,0.18,,
191,Catch,JWZ2-V,5,2,,Flawless Arkonor,0.33,Lustrous Hedbergite,0.45,Zeolites,0.22,,,,
192,Catch,JWZ2-V,5,3,,Bitumens,0.19,Flawless Arkonor,0.19,Resplendant Kernite,0.32,Sparkling Plagioclase,0.3,,
193,Catch,JWZ2-V,5,4,,Bitumens,0.19,Coesite,0.29,Dazzling Spodumain,0.2,Stable Veldspar,0.32,,
194,Catch,JWZ2-V,6,1,,Brilliant Gneiss,0.17,Platinoid Omber,0.25,Sylvite,0.58,,,,
195,Catch,JWZ2-V,6,2,,Dazzling Spodumain,0.2,Immaculate Jaspet,0.61,Sylvite,0.19,,,,
196,Catch,JWZ2-V,6,3,,Bitumens,0.32,Scintillating Hemorphite,0.31,Stable Veldspar,0.16,Sylvite,0.21,,
197,Catch,JWZ2-V,6,4,,Brilliant Gneiss,0.19,Scintillating Hemorphite,0.29,Sparkling Plagioclase,0.34,Zeolites,0.18,,
198,Catch,JWZ2-V,6,5,,Brilliant Gneiss,0.27,Coesite,0.17,Platinoid Omber,0.18,Resplendant Kernite,0.38,,
199,Catch,JWZ2-V,6,6,,Coesite,0.2,Cubic Bistot,0.68,Pellucid Crokite,0.16,,,,
200,Catch,JWZ2-V,6,7,,Brilliant Gneiss,0.17,Zeolites,0.83,,,,,,
201,Catch,JWZ2-V,7,1,,Cubic Bistot,0.35,Opulent Pyroxeres,0.2,Platinoid Omber,0.25,Zeolites,0.19,,
202,Catch,JWZ2-V,7,2,,Brilliant Gneiss,0.25,Coesite,0.19,Cubic Bistot,0.21,Opulent Pyroxeres,0.32,,
203,Catch,JWZ2-V,7,3,,Coesite,0.17,Cubic Bistot,0.19,Resplendant Kernite,0.62,,,,
204,Catch,JWZ2-V,7,4,,Brilliant Gneiss,0.18,Dazzling Spodumain,0.29,Jet Ochre,0.28,Zeolites,0.22,,
205,Catch,JWZ2-V,8,1,,Bitumens,0.43,Cobaltite,0.17,Lustrous Hedbergite,0.28,Sperrylite,0.1,,
206,Catch,JWZ2-V,8,2,,Cobaltite,0.35,Coesite,0.22,Pellucid Crokite,0.24,Scheelite,0.18,,
207,Catch,JWZ2-V,8,3,,Cubic Bistot,0.27,Jet Ochre,0.21,Opulent Pyroxeres,0.28,Sylvite,0.24,,
208,Catch,OGL8-Q,1,1,,Opulent Pyroxeres,0.25,Pellucid Crokite,0.25,Sylvite,0.31,Zeolites,0.19,,
209,Catch,OGL8-Q,2,1,,Glossy Scordite,0.34,Immaculate Jaspet,0.3,Jet Ochre,0.17,Zeolites,0.19,,
210,Catch,OGL8-Q,3,1,,Coesite,0.23,Dazzling Spodumain,0.34,Immaculate Jaspet,0.26,Lustrous Hedbergite,0.17,,
211,Catch,OGL8-Q,3,2,,Brilliant Gneiss,0.18,Coesite,0.2,Opulent Pyroxeres,0.3,Pellucid Crokite,0.32,,
212,Catch,OGL8-Q,3,3,,Flawless Arkonor,0.32,Opulent Pyroxeres,0.2,Sparkling Plagioclase,0.24,Zeolites,0.23,,
213,Catch,OGL8-Q,3,4,,Brilliant Gneiss,0.28,Cobaltite,0.29,Scintillating Hemorphite,0.22,Sparkling Plagioclase,0.21,,
214,Catch,OGL8-Q,3,5,,Coesite,0.23,Dazzling Spodumain,0.26,Jet Ochre,0.18,Sparkling Plagioclase,0.33,,
215,Catch,OGL8-Q,3,6,,Jet Ochre,0.34,Lustrous Hedbergite,0.26,Scintillating Hemorphite,0.22,Zeolites,0.18,,
216,Catch,OGL8-Q,3,7,,Bitumens,0.25,Pellucid Crokite,0.28,Scintillating Hemorphite,0.21,Sylvite,0.27,,
217,Catch,OGL8-Q,3,8,,Bitumens,0.2,Glossy Scordite,0.3,Jet Ochre,0.21,Zeolites,0.29,,
218,Catch,OGL8-Q,3,9,,,,Jet Ochre,0.21,Stable Veldspar,0.25,Zeolites,0.2,,
219,Catch,OGL8-Q,3,10,,Brilliant Gneiss,0.24,Cinnabar,0.32,Resplendant Kernite,0.18,Zircon,0.26,,
220,Catch,OGL8-Q,3,11,,Coesite,0.33,Flawless Arkonor,0.19,Sparkling Plagioclase,0.3,Zeolites,0.18,,
221,Catch,OGL8-Q,3,12,,Brilliant Gneiss,0.32,Glossy Scordite,0.21,Zeolites,0.47,,,,
222,Catch,OGL8-Q,3,13,,Pellucid Crokite,0.18,Sparkling Plagioclase,0.3,Stable Veldspar,0.33,Sylvite,0.19,,
223,Catch,OGL8-Q,3,14,,Opulent Pyroxeres,0.3,Platinoid Omber,0.29,Scintillating Hemorphite,0.2,Zeolites,0.22,,
224,Catch,OGL8-Q,3,15,,Resplendant Kernite,0.27,Scintillating Hemorphite,0.21,Sparkling Plagioclase,0.29,Sylvite,0.23,,
225,Catch,OGL8-Q,3,16,,Brilliant Gneiss,0.23,Cobaltite,0.27,Glossy Scordite,0.28,Immaculate Jaspet,0.22,,
226,Catch,OGL8-Q,3,17,,Bitumens,0.45,Jet Ochre,0.34,Stable Veldspar,0.21,,,,
227,Catch,OGL8-Q,4,1,,Bitumens,0.17,Dazzling Spodumain,0.31,Sparkling Plagioclase,0.2,Zeolites,0.31,,
228,Catch,OGL8-Q,4,2,,Bitumens,0.18,Coesite,0.32,Opulent Pyroxeres,0.5,,,,
229,Catch,OGL8-Q,4,3,,Coesite,0.51,Cubic Bistot,0.49,,,,,,
230,Catch,OGL8-Q,4,4,,Cobaltite,0.32,Dazzling Spodumain,0.22,Glossy Scordite,0.25,Jet Ochre,0.21,,
231,Catch,OGL8-Q,4,5,,Chromite,0.35,Opulent Pyroxeres,0.22,Stable Veldspar,0.18,Zeolites,0.24,,
232,Catch,OGL8-Q,4,6,,Coesite,0.18,Jet Ochre,0.28,Platinoid Omber,0.54,,,,
233,Catch,OGL8-Q,4,7,,Bitumens,0.22,Resplendant Kernite,0.28,Sparkling Plagioclase,0.24,Sylvite,0.26,,
234,Catch,OGL8-Q,4,8,,Bitumens,0.23,Cobaltite,0.37,Coesite,0.22,Sylvite,0.18,,
235,Catch,OGL8-Q,4,9,,Flawless Arkonor,0.25,Immaculate Jaspet,0.24,Platinoid Omber,0.31,Sylvite,0.2,,
236,Catch,OGL8-Q,4,10,,Cobaltite,0.27,Platinoid Omber,0.21,Scintillating Hemorphite,0.25,Stable Veldspar,0.27,,
237,Catch,OGL8-Q,4,11,,Coesite,0.17,Immaculate Jaspet,0.31,Jet Ochre,0.18,Stable Veldspar,0.34,,
238,Catch,OGL8-Q,4,12,,Coesite,0.44,Jet Ochre,0.34,Pellucid Crokite,0.22,,,,
239,Catch,OGL8-Q,4,13,,Chromite,0.35,Dazzling Spodumain,0.24,Flawless Arkonor,0.23,Scintillating Hemorphite,0.18,,
240,Catch,OGL8-Q,4,14,,Bitumens,0.31,Resplendant Kernite,0.26,Sparkling Plagioclase,0.21,Zeolites,0.22,,
241,Catch,OGL8-Q,4,15,,Chromite,0.41,Cubic Bistot,0.16,Opulent Pyroxeres,0.2,Sparkling Plagioclase,0.22,,
242,Catch,OGL8-Q,4,16,,Bitumens,0.32,Coesite,0.17,Cubic Bistot,0.17,Immaculate Jaspet,0.34,,
243,Catch,OGL8-Q,4,17,,Dazzling Spodumain,0.33,Flawless Arkonor,0.52,Sylvite,0.16,,,,
244,Catch,OGL8-Q,5,1,,Brilliant Gneiss,0.16,Scintillating Hemorphite,0.3,Sylvite,0.54,,,,
245,Catch,OGL8-Q,5,2,,Brilliant Gneiss,0.27,Cinnabar,0.23,Scintillating Hemorphite,0.39,Zeolites,0.11,,
246,Catch,OGL8-Q,5,3,,Cobaltite,0.26,Coesite,0.29,Stable Veldspar,0.17,Zeolites,0.28,,
247,Catch,OGL8-Q,5,4,,Chromite,0.44,Flawless Arkonor,0.2,Otavite,0.16,Stable Veldspar,0.19,,
248,Catch,OGL8-Q,5,5,,Bitumens,0.17,Brilliant Gneiss,0.18,Jet Ochre,0.35,Lustrous Hedbergite,0.3,,
249,Catch,OGL8-Q,5,6,,Jet Ochre,0.51,Sparkling Plagioclase,0.29,Zeolites,0.19,,,,
250,Catch,OGL8-Q,5,7,,Cubic Bistot,0.26,Jet Ochre,0.2,Sylvite,0.35,Zeolites,0.2,,
251,Catch,OGL8-Q,5,8,,Brilliant Gneiss,0.27,Coesite,0.21,Lustrous Hedbergite,0.28,Scintillating Hemorphite,0.24,,
252,Catch,OGL8-Q,5,9,,Brilliant Gneiss,0.37,Coesite,0.18,Lustrous Hedbergite,0.28,Opulent Pyroxeres,0.18,,
253,Catch,OGL8-Q,5,10,,Bitumens,0.22,Dazzling Spodumain,0.17,Flawless Arkonor,0.34,Platinoid Omber,0.27,,
254,Catch,OGL8-Q,5,11,,Bitumens,0.22,Platinoid Omber,0.22,Scintillating Hemorphite,0.28,Stable Veldspar,0.28,,
255,Catch,OGL8-Q,5,12,,Bitumens,0.18,Brilliant Gneiss,0.32,Opulent Pyroxeres,0.3,Scintillating Hemorphite,0.19,,
256,Catch,OGL8-Q,5,13,,Coesite,0.2,Dazzling Spodumain,0.27,Pellucid Crokite,0.19,Sparkling Plagioclase,0.35,,
257,Catch,OGL8-Q,5,14,,Immaculate Jaspet,0.21,Platinoid Omber,0.17,Vanadinite,0.44,Zeolites,0.18,,
258,Catch,OGL8-Q,5,15,,Bitumens,0.32,Opulent Pyroxeres,0.26,Sparkling Plagioclase,0.21,Sylvite,0.21,,
259,Catch,OGL8-Q,5,16,,Bitumens,0.18,Dazzling Spodumain,0.37,Opulent Pyroxeres,0.17,Scintillating Hemorphite,0.27,,
260,Catch,OGL8-Q,5,17,,Brilliant Gneiss,0.31,Coesite,0.21,Cubic Bistot,0.21,Sylvite,0.27,,
261,Catch,OGL8-Q,5,18,,Cubic Bistot,0.27,Jet Ochre,0.33,Lustrous Hedbergite,0.2,Zeolites,0.19,,
262,Catch,OGL8-Q,5,19,,Coesite,0.19,Opulent Pyroxeres,0.2,Stable Veldspar,0.3,Sylvite,0.31,,
263,Catch,OGL8-Q,5,20,,Bitumens,0.2,Dazzling Spodumain,0.37,Jet Ochre,0.43,,,,
264,Catch,OGL8-Q,5,21,,Flawless Arkonor,0.27,Opulent Pyroxeres,0.22,Resplendant Kernite,0.27,Sylvite,0.24,,
265,Catch,OGL8-Q,5,22,,Opulent Pyroxeres,0.31,Resplendant Kernite,0.48,Sylvite,0.21,,,,
266,Catch,OGL8-Q,5,23,,Lustrous Hedbergite,0.28,Resplendant Kernite,0.36,Stable Veldspar,0.18,Sylvite,0.18,,
267,Catch,OGL8-Q,5,24,,Bitumens,0.2,Glossy Scordite,0.31,Platinoid Omber,0.29,Scintillating Hemorphite,0.19,,
268,Catch,OGL8-Q,5,25,,Bitumens,0.23,Cubic Bistot,0.18,Jet Ochre,0.28,Lustrous Hedbergite,0.31,,
269,Catch,OGL8-Q,5,26,,Bitumens,0.19,Coesite,0.34,Dazzling Spodumain,0.19,Opulent Pyroxeres,0.28,,
270,Catch,OGL8-Q,5,27,,Bitumens,0.16,Pellucid Crokite,0.34,Scintillating Hemorphite,0.29,Stable Veldspar,0.21,,
271,Catch,OGL8-Q,5,28,,Coesite,0.17,Sparkling Plagioclase,0.17,Stable Veldspar,0.34,Zeolites,0.32,,
272,Catch,OGL8-Q,5,29,,Jet Ochre,0.55,Resplendant Kernite,0.25,Zeolites,0.2,,,,
273,Catch,OGL8-Q,5,30,,Brilliant Gneiss,0.2,Dazzling Spodumain,0.33,Scintillating Hemorphite,0.27,Zeolites,0.19,,
274,Catch,OGL8-Q,5,31,,Cobaltite,0.32,Lustrous Hedbergite,0.26,Platinoid Omber,0.22,Zeolites,0.21,,
275,Catch,OGL8-Q,5,32,,Bitumens,0.4,Brilliant Gneiss,0.2,Cobaltite,0.4,,,,
276,Catch,OGL8-Q,6,1,,Coesite,0.22,Flawless Arkonor,0.17,Immaculate Jaspet,0.61,,,,
277,Catch,OGL8-Q,6,2,,Bitumens,0.18,Dazzling Spodumain,0.31,Lustrous Hedbergite,0.21,Sparkling Plagioclase,0.3,,
278,Catch,OGL8-Q,6,3,,Bitumens,0.51,Brilliant Gneiss,0.18,Zeolites,0.31,,,,
279,Catch,OGL8-Q,6,4,,Coesite,0.17,Flawless Arkonor,0.21,Immaculate Jaspet,0.29,Sparkling Plagioclase,0.32,,
280,Catch,OGL8-Q,6,5,,Sparkling Plagioclase,0.32,Glossy Scordite,0.28,Sylvite,0.32,Zeolites,0.22,,
281,Catch,OGL8-Q,6,6,,Bitumens,0.17,Coesite,0.32,Dazzling Spodumain,0.2,Platinoid Omber,0.31,,
282,Catch,OGL8-Q,6,7,,Dazzling Spodumain,0.28,Glossy Scordite,0.33,Lustrous Hedbergite,0.22,Zeolites,0.17,,
283,Catch,OGL8-Q,7,1,,Pellucid Crokite,0.24,Resplendant Kernite,0.28,Stable Veldspar,0.31,Zeolites,0.17,,
284,Catch,Q-S7ZD,1,1,,Bitumens,0.19,Coesite,0.34,Lustrous Hedbergite,0.28,Sparkling Plagioclase,0.19,,
285,Catch,Q-S7ZD,3,1,,Cinnabar,0.36,Lustrous Hedbergite,0.26,Resplendant Kernite,0.28,Sparkling Plagioclase,0.1,,
286,Catch,Q-S7ZD,5,1,,Cubic Bistot,0.32,Dazzling Spodumain,0.21,Sparkling Plagioclase,0.25,Zeolites,0.21,,
287,Catch,Q-S7ZD,5,2,,Coesite,0.23,Immaculate Jaspet,0.19,Pellucid Crokite,0.31,Sylvite,0.28,,
288,Catch,Q-S7ZD,5,3,,Flawless Arkonor,0.09,Immaculate Jaspet,0.3,Opulent Pyroxeres,0.26,Otavite,0.36,,
289,Catch,Q-S7ZD,5,4,,Cobaltite,0.2,Opulent Pyroxeres,0.29,Pellucid Crokite,0.42,Vanadinite,0.09,,
290,Catch,Q-S7ZD,5,5,,Cobaltite,0.21,Flawless Arkonor,0.37,Immaculate Jaspet,0.3,Vanadinite,0.19,,
291,Catch,Q-S7ZD,5,6,,Coesite,0.23,Glossy Scordite,0.6,Immaculate Jaspet,0.17,,,,
292,Catch,Q-S7ZD,5,7,,Bitumens,0.19,Dazzling Spodumain,0.19,Sparkling Plagioclase,0.25,Sylvite,0.31,,
293,Catch,Q-S7ZD,5,8,,Brilliant Gneiss,0.33,Coesite,0.2,Flawless Arkonor,0.2,Jet Ochre,0.27,,
294,Catch,Q-S7ZD,5,9,,Bitumens,0.24,Glossy Scordite,0.22,Pellucid Crokite,0.54,,,,
295,Catch,Q-S7ZD,5,10,,Bitumens,0.21,Dazzling Spodumain,0.49,Zeolites,0.29,,,,
296,Catch,Q-S7ZD,5,11,,Cobaltite,0.38,Coesite,0.2,Flawless Arkonor,0.21,Scheelite,0.21,,
297,Catch,Q-S7ZD,5,12,,Platinoid Omber,0.55,Ytterbite,0.45,,,,,,
298,Catch,Q-S7ZD,5,13,,Brilliant Gneiss,0.21,Pellucid Crokite,0.31,Resplendant Kernite,0.28,Sylvite,0.2,,
299,Catch,Q-S7ZD,5,14,,Brilliant Gneiss,0.3,Jet Ochre,0.32,Platinoid Omber,0.22,Sylvite,0.16,,
300,Catch,Q-S7ZD,5,15,,Coesite,0.22,Jet Ochre,0.29,Lustrous Hedbergite,0.16,Sparkling Plagioclase,0.33,,
301,Catch,Q-S7ZD,5,16,,Bitumens,0.23,Dazzling Spodumain,0.22,Platinoid Omber,0.56,,,,
302,Catch,Q-S7ZD,5,17,,Brilliant Gneiss,0.35,Flawless Arkonor,0.22,Opulent Pyroxeres,0.25,Zeolites,0.18,,
303,Catch,Q-S7ZD,5,18,,Bitumens,0.2,Brilliant Gneiss,0.25,Jet Ochre,0.33,Stable Veldspar,0.23,,
304,Catch,Q-S7ZD,6,1,,Cubic Bistot,0.32,Scintillating Hemorphite,0.18,Sylvite,0.5,,,,
305,Catch,Q-S7ZD,6,2,,Bitumens,0.22,Brilliant Gneiss,0.24,Flawless Arkonor,0.26,Pellucid Crokite,0.28,,
306,Catch,Q-S7ZD,6,3,,Dazzling Spodumain,0.26,Flawless Arkonor,0.23,Glossy Scordite,0.31,Sylvite,0.2,,
307,Catch,Q-S7ZD,6,4,,Bitumens,0.21,Cobaltite,0.39,Scheelite,0.2,Stable Veldspar,0.2,,
308,Catch,Q-S7ZD,6,5,,Bitumens,0.26,Coesite,0.18,Immaculate Jaspet,0.56,,,,
309,Catch,Q-S7ZD,7,1,,Bitumens,0.19,Immaculate Jaspet,0.19,Stable Veldspar,0.31,Zeolites,0.31,,
310,Catch,Q-S7ZD,7,2,,Bitumens,0.2,Lustrous Hedbergite,0.3,Resplendant Kernite,0.17,Scintillating Hemorphite,0.33,,
311,Catch,Q-S7ZD,7,3,,Dazzling Spodumain,0.19,Flawless Arkonor,0.26,Immaculate Jaspet,0.33,Zeolites,0.22,,
312,Catch,Q-S7ZD,7,4,,Coesite,0.18,Cubic Bistot,0.18,Flawless Arkonor,0.32,Stable Veldspar,0.33,,
313,Catch,Q-S7ZD,7,5,,Flawless Arkonor,0.32,Pellucid Crokite,0.32,Stable Veldspar,0.15,Zeolites,0.21,,
314,Catch,Q-S7ZD,7,6,,Brilliant Gneiss,0.29,Cubic Bistot,0.22,Platinoid Omber,0.32,Sylvite,0.17,,
315,Catch,Q-S7ZD,7,7,,Bitumens,0.16,Flawless Arkonor,0.28,Scintillating Hemorphite,0.33,Stable Veldspar,0.23,,
316,Catch,Q-S7ZD,7,8,,Jet Ochre,0.28,Lustrous Hedbergite,0.22,Stable Veldspar,0.34,Sylvite,0.16,,
317,Catch,Q-S7ZD,7,9,,Bitumens,0.24,Lustrous Hedbergite,0.3,Pellucid Crokite,0.2,Resplendant Kernite,0.25,,
318,Catch,Q-S7ZD,7,10,,Opulent Pyroxeres,0.27,Platinoid Omber,0.18,Sparkling Plagioclase,0.29,Sylvite,0.25,,
319,Catch,Q-S7ZD,7,11,,Glossy Scordite,0.31,Otavite,0.33,Pellucid Crokite,0.26,Scintillating Hemorphite,0.1,,
320,Catch,Q-S7ZD,7,12,,Cobaltite,0.32,Coesite,0.24,Platinoid Omber,0.23,Stable Veldspar,0.21,,
321,Catch,Q-S7ZD,7,13,,Bitumens,0.21,Cubic Bistot,0.33,Glossy Scordite,0.19,Scintillating Hemorphite,0.27,,
322,Catch,Q-S7ZD,7,14,,Cubic Bistot,0.31,Jet Ochre,0.33,Platinoid Omber,0.18,Sylvite,0.18,,
323,Catch,Q-S7ZD,7,15,,Bitumens,0.28,Coesite,0.18,Glossy Scordite,0.33,Immaculate Jaspet,0.22,,
324,Catch,Q-S7ZD,7,16,,Brilliant Gneiss,0.22,Scintillating Hemorphite,0.34,Sylvite,0.27,Zeolites,0.17,,
325,Catch,Q-S7ZD,7,17,,Dazzling Spodumain,0.33,Glossy Scordite,0.29,Opulent Pyroxeres,0.21,Zeolites,0.17,,
326,Catch,Q-S7ZD,7,18,,Platinoid Omber,0.28,Resplendant Kernite,0.21,Sylvite,0.31,Zeolites,0.2,,
327,Catch,Q-S7ZD,7,19,,Cubic Bistot,0.17,Opulent Pyroxeres,0.32,Resplendant Kernite,0.26,Sylvite,0.24,,
328,Catch,Q-S7ZD,7,20,,Bitumens,0.2,Jet Ochre,0.27,Opulent Pyroxeres,0.21,Sparkling Plagioclase,0.32,,
329,Catch,Q-S7ZD,7,21,,Bitumens,0.22,Cubic Bistot,0.29,Jet Ochre,0.29,Opulent Pyroxeres,0.2,,
330,Catch,Q-S7ZD,8,1,,Brilliant Gneiss,0.31,Coesite,0.21,Pellucid Crokite,0.26,Scintillating Hemorphite,0.22,,
331,Catch,Q-S7ZD,8,2,,Bitumens,0.18,Lustrous Hedbergite,0.34,Stable Veldspar,0.22,Zeolites,0.26,,
332,Catch,Q-S7ZD,8,3,,Platinoid Omber,0.17,Stable Veldspar,0.31,Sylvite,0.52,,,,
333,Catch,Q-S7ZD,8,4,,Coesite,0.22,Jet Ochre,0.24,Scintillating Hemorphite,0.23,Sylvite,0.31,,
334,Catch,Q-S7ZD,8,5,,Cubic Bistot,0.18,Glossy Scordite,0.31,Immaculate Jaspet,0.32,Zeolites,0.19,,
335,Catch,Q-S7ZD,8,6,,Cubic Bistot,0.22,Flawless Arkonor,0.27,Sylvite,0.23,Zeolites,0.28,,
336,Catch,Q-S7ZD,8,7,,Bitumens,0.24,Dazzling Spodumain,0.19,Lustrous Hedbergite,0.28,Scintillating Hemorphite,0.3,,
337,Catch,Q-S7ZD,8,8,,Bitumens,0.22,Brilliant Gneiss,0.24,Jet Ochre,0.33,Platinoid Omber,0.21,,
338,Catch,Q-S7ZD,8,9,,Glossy Scordite,0.3,Jet Ochre,0.23,Lustrous Hedbergite,0.26,Zeolites,0.21,,
339,Catch,Q-S7ZD,8,10,,Cubic Bistot,0.34,Dazzling Spodumain,0.33,Jet Ochre,0.09,Sperrylite,0.24,,
340,Catch,R-K4QY,3,1,,Chromite,0.12,Cobaltite,0.21,Dazzling Spodumain,0.39,Jet Ochre,0.28,,
341,Catch,R-K4QY,4,1,,Brilliant Gneiss,0.22,Platinoid Omber,0.35,Resplendant Kernite,0.27,Zeolites,0.17,,
342,Catch,R-K4QY,4,2,,Bitumens,0.2,Opulent Pyroxeres,0.21,Pellucid Crokite,0.33,Resplendant Kernite,0.26,,
343,Catch,R-K4QY,5,1,,Cobaltite,0.27,Opulent Pyroxeres,0.27,Platinoid Omber,0.46,,,,
344,Catch,R-K4QY,5,2,,Pellucid Crokite,0.44,Sylvite,0.23,Zeolites,0.33,,,,
345,Catch,R-K4QY,5,3,,Coesite,0.29,Opulent Pyroxeres,0.3,Stable Veldspar,0.21,Zeolites,0.2,,
346,Catch,R-K4QY,5,4,,Lustrous Hedbergite,0.25,Resplendant Kernite,0.32,Stable Veldspar,0.22,Sylvite,0.22,,
347,Catch,R-K4QY,5,5,,Glossy Scordite,0.44,Opulent Pyroxeres,0.34,Zeolites,0.22,,,,
348,Catch,R-K4QY,5,6,,Bitumens,0.2,Brilliant Gneiss,0.28,Glossy Scordite,0.36,Stable Veldspar,0.16,,
349,Catch,R-K4QY,5,7,,Bitumens,0.54,Opulent Pyroxeres,0.46,,,,,,
350,Catch,R-K4QY,5,8,,Bitumens,0.19,Lustrous Hedbergite,0.21,Sparkling Plagioclase,0.27,Stable Veldspar,0.34,,
351,Catch,R-K4QY,5,9,,Bitumens,0.2,Opulent Pyroxeres,0.31,Sparkling Plagioclase,0.16,Zeolites,0.34,,
352,Catch,R-K4QY,6,1,,Bitumens,0.21,Platinoid Omber,0.53,Stable Veldspar,0.25,,,,
353,Catch,R-K4QY,6,2,,Bitumens,0.34,Coesite,0.47,Resplendant Kernite,0.19,,,,
354,Catch,R-K4QY,6,3,,Coesite,0.19,Glossy Scordite,0.21,Resplendant Kernite,0.33,Zeolites,0.26,,
355,Catch,R-K4QY,6,4,,Glossy Scordite,0.3,Jet Ochre,0.33,Stable Veldspar,0.19,Zeolites,0.18,,
356,Catch,R-K4QY,6,5,,Dazzling Spodumain,0.32,Pellucid Crokite,0.27,Resplendant Kernite,0.19,Sylvite,0.22,,
357,Catch,R-K4QY,6,6,,Bitumens,0.21,Brilliant Gneiss,0.29,Flawless Arkonor,0.19,Immaculate Jaspet,0.32,,
358,Catch,R-K4QY,6,7,,Coesite,0.31,Immaculate Jaspet,0.29,Resplendant Kernite,0.19,Sylvite,0.22,,
359,Catch,R-K4QY,6,8,,Bitumens,0.22,Glossy Scordite,0.29,Opulent Pyroxeres,0.2,Zeolites,0.29,,
360,Catch,R-K4QY,6,9,,Pellucid Crokite,0.51,Platinoid Omber,0.29,Sylvite,0.2,,,,
361,Catch,R-K4QY,6,10,,Chromite,0.1,Cobaltite,0.21,Glossy Scordite,0.32,Jet Ochre,0.37,,
362,Catch,R-K4QY,6,11,,Cobaltite,0.2,Cubic Bistot,0.3,Scintillating Hemorphite,0.2,Vanadinite,0.3,,
363,Catch,R-K4QY,6,12,,Glossy Scordite,0.55,Sylvite,0.19,Zeolites,0.26,,,,
364,Catch,R-K4QY,6,13,,Lustrous Hedbergite,0.27,Pellucid Crokite,0.52,Zeolites,0.21,,,,
365,Catch,R-K4QY,6,14,,Coesite,0.23,Immaculate Jaspet,0.3,Platinoid Omber,0.21,Sparkling Plagioclase,0.26,,
366,Catch,R-K4QY,6,15,,Bitumens,0.19,Cubic Bistot,0.21,Opulent Pyroxeres,0.28,Pellucid Crokite,0.32,,
367,Catch,R-K4QY,6,16,,Cobaltite,0.25,Glossy Scordite,0.52,Zeolites,0.23,,,,
368,Catch,R-K4QY,6,17,,Brilliant Gneiss,0.34,Cobaltite,0.21,Otavite,0.09,Stable Veldspar,0.36,,
369,Catch,R-K4QY,6,18,,Flawless Arkonor,0.3,Jet Ochre,0.08,Sparkling Plagioclase,0.32,Vanadinite,0.29,,
370,Catch,R-K4QY,6,19,,Dazzling Spodumain,0.17,Flawless Arkonor,0.31,Sylvite,0.52,,,,
371,Catch,R-K4QY,6,20,,Coesite,0.2,Lustrous Hedbergite,0.34,Sparkling Plagioclase,0.2,Stable Veldspar,0.25,,
372,Catch,R-K4QY,6,21,,Cobaltite,0.22,Immaculate Jaspet,0.38,Scintillating Hemorphite,0.32,Sperrylite,0.08,,
373,Catch,R-K4QY,6,22,,Bitumens,0.26,Opulent Pyroxeres,0.31,Stable Veldspar,0.43,,,,
374,Catch,R-K4QY,6,23,,Cobaltite,0.32,Cubic Bistot,0.21,Jet Ochre,0.21,Opulent Pyroxeres,0.26,,
375,Catch,R-K4QY,7,1,,Cobaltite,0.32,Cubic Bistot,0.26,Scintillating Hemorphite,0.43,,,,
376,Catch,R-K4QY,7,2,,Cubic Bistot,0.35,Pellucid Crokite,0.31,Scintillating Hemorphite,0.17,Sylvite,0.17,,
377,Catch,WQH-4K,2,1,,Glossy Scordite,0.21,Immaculate Jaspet,0.3,Opulent Pyroxeres,0.31,Zeolites,0.19,,
378,Catch,WQH-4K,3,1,,Brilliant Gneiss,0.25,Opulent Pyroxeres,0.35,Sparkling Plagioclase,0.23,Sylvite,0.17,,
379,Catch,WQH-4K,3,2,,Cubic Bistot,0.21,Loparite,0.1,Opulent Pyroxeres,0.41,Sparkling Plagioclase,0.29,,
380,Catch,WQH-4K,4,1,,Bitumens,0.21,Dazzling Spodumain,0.2,Scintillating Hemorphite,0.34,Zeolites,0.25,,
381,Catch,WQH-4K,5,1,,Bitumens,0.28,Immaculate Jaspet,0.19,Jet Ochre,0.34,Zeolites,0.19,,
382,Catch,WQH-4K,5,2,,Bitumens,0.26,Platinoid Omber,0.3,Resplendant Kernite,0.2,Sylvite,0.23,,
383,Catch,WQH-4K,5,3,,Brilliant Gneiss,0.26,Cobaltite,0.27,Coesite,0.25,Platinoid Omber,0.22,,
384,Catch,WQH-4K,5,4,,Bitumens,0.16,Cubic Bistot,0.34,Dazzling Spodumain,0.21,Glossy Scordite,0.28,,
385,Catch,WQH-4K,5,5,,Coesite,0.22,Immaculate Jaspet,0.2,Sparkling Plagioclase,0.25,Sylvite,0.33,,
386,Catch,WQH-4K,5,6,,Bitumens,0.18,Dazzling Spodumain,0.64,Opulent Pyroxeres,0.17,,,,
387,Catch,WQH-4K,5,7,,Bitumens,0.16,Brilliant Gneiss,0.3,Coesite,0.34,Immaculate Jaspet,0.18,,
388,Catch,WQH-4K,5,8,,Brilliant Gneiss,0.46,Sylvite,0.2,Zeolites,0.34,,,,
389,Catch,WQH-4K,5,9,,Flawless Arkonor,0.2,Scintillating Hemorphite,0.29,Sylvite,0.33,Zeolites,0.18,,
390,Catch,WQH-4K,5,10,,Coesite,0.2,Flawless Arkonor,0.28,Immaculate Jaspet,0.21,Scintillating Hemorphite,0.31,,
391,Catch,WQH-4K,5,11,,Bitumens,0.21,Cobaltite,0.39,Platinoid Omber,0.21,Scheelite,0.19,,
392,Catch,WQH-4K,5,12,,Bitumens,0.21,Immaculate Jaspet,0.6,Scintillating Hemorphite,0.2,,,,
393,Catch,WQH-4K,5,13,,Brilliant Gneiss,0.23,Coesite,0.18,Immaculate Jaspet,0.29,Opulent Pyroxeres,0.3,,
394,Catch,WQH-4K,5,14,,Cobaltite,0.24,Zeolites,0.28,Flawless Arkonor,0.28,Resplendant Kernite,0.19,,
395,Catch,WQH-4K,5,15,,Brilliant Gneiss,0.32,Cubic Bistot,0.18,Sylvite,0.2,Zeolites,0.3,,
396,Catch,WQH-4K,5,16,,Brilliant Gneiss,0.23,Cobaltite,0.29,Sylvite,0.26,Zeolites,0.25,,
397,Catch,WQH-4K,5,17,,Bitumens,0.18,Cobaltite,0.43,Lustrous Hedbergite,0.2,Sylvite,0.19,,
398,Catch,WQH-4K,5,18,,Bitumens,0.2,Immaculate Jaspet,0.3,Lustrous Hedbergite,0.32,Pellucid Crokite,0.19,,
399,Catch,WQH-4K,6,1,,Dazzling Spodumain,0.17,Platinoid Omber,0.31,Sylvite,0.52,,,,
400,Catch,WQH-4K,6,2,,Coesite,0.2,Dazzling Spodumain,0.19,Resplendant Kernite,0.31,Sylvite,0.3,,
401,Catch,WQH-4K,6,3,,Coesite,0.25,Dazzling Spodumain,0.32,Platinoid Omber,0.24,Zeolites,0.19,,
402,Catch,WQH-4K,6,4,,Immaculate Jaspet,0.29,Scintillating Hemorphite,0.26,Stable Veldspar,0.23,Sylvite,0.21,,
403,Catch,WQH-4K,6,5,,Bitumens,0.18,Flawless Arkonor,0.18,Lustrous Hedbergite,0.34,Sylvite,0.31,,
404,Catch,WQH-4K,6,6,,Bitumens,0.25,Jet Ochre,0.24,Lustrous Hedbergite,0.51,,,,
405,Catch,WQH-4K,6,7,,Cubic Bistot,0.28,Flawless Arkonor,0.19,Immaculate Jaspet,0.28,Zeolites,0.24,,
406,Catch,WQH-4K,6,8,,Jet Ochre,0.35,Lustrous Hedbergite,0.28,Sparkling Plagioclase,0.21,Zeolites,0.16,,
407,Catch,WQH-4K,6,9,,Bitumens,0.18,Cobaltite,0.63,Coesite,0.19,,,,
408,Catch,WQH-4K,6,10,,Bitumens,0.22,Flawless Arkonor,0.17,Opulent Pyroxeres,0.28,Stable Veldspar,0.32,,
409,Catch,WQH-4K,6,11,,Bitumens,0.23,Opulent Pyroxeres,0.18,Scintillating Hemorphite,0.33,Sylvite,0.26,,
410,Catch,WQH-4K,6,12,,Bitumens,0.23,Flawless Arkonor,0.26,Glossy Scordite,0.24,Immaculate Jaspet,0.27,,
411,Catch,WQH-4K,6,13,,Brilliant Gneiss,0.29,Flawless Arkonor,0.17,Pellucid Crokite,0.33,Sylvite,0.21,,
412,Catch,WQH-4K,6,14,,Chromite,0.38,Flawless Arkonor,0.2,Jet Ochre,0.23,Scintillating Hemorphite,0.19,,
413,Catch,WQH-4K,6,15,,Brilliant Gneiss,0.2,Dazzling Spodumain,0.26,Sparkling Plagioclase,0.34,Sylvite,0.19,,
414,Catch,WQH-4K,6,16,,Coesite,0.45,Dazzling Spodumain,0.35,Resplendant Kernite,0.2,,,,
415,Catch,WQH-4K,6,17,,Coesite,0.17,Opulent Pyroxeres,0.31,Pellucid Crokite,0.3,Scintillating Hemorphite,0.21,,
416,Catch,WQH-4K,6,18,,Flawless Arkonor,0.21,Immaculate Jaspet,0.22,Loparite,0.36,Sperrylite,0.2,,
417,Catch,WQH-4K,7,1,,Dazzling Spodumain,0.3,Platinoid Omber,0.23,Sylvite,0.22,Zeolites,0.26,,
418,Catch,WQH-4K,7,2,,Pellucid Crokite,0.32,Resplendant Kernite,0.15,Scintillating Hemorphite,0.42,Ytterbite,0.11,,
419,Catch,WQH-4K,7,3,,Coesite,0.23,Dazzling Spodumain,0.22,Jet Ochre,0.31,Lustrous Hedbergite,0.24,,
420,Catch,WQH-4K,7,4,,Bitumens,0.21,Coesite,0.34,Lustrous Hedbergite,0.28,Platinoid Omber,0.17,,
421,Catch,WQH-4K,7,5,,Immaculate Jaspet,0.22,Resplendant Kernite,0.29,Sylvite,0.28,Zeolites,0.22,,
422,Catch,WQH-4K,7,6,,Coesite,0.19,Immaculate Jaspet,0.34,Pellucid Crokite,0.2,Zeolites,0.27,,
423,Catch,WQH-4K,7,7,,Brilliant Gneiss,0.2,Immaculate Jaspet,0.33,Stable Veldspar,0.25,Zeolites,0.22,,
424,Catch,WQH-4K,7,8,,Cobaltite,0.26,Cubic Bistot,0.21,Flawless Arkonor,0.25,Immaculate Jaspet,0.28,,
425,Catch,WQH-4K,7,9,,Jet Ochre,0.18,Platinoid Omber,0.32,Sparkling Plagioclase,0.29,Zeolites,0.21,,
426,Catch,WQH-4K,7,10,,Lustrous Hedbergite,0.27,Resplendant Kernite,0.21,Sparkling Plagioclase,0.28,Sylvite,0.24,,
427,Immensea,6-I162,3,1,,Coesite,0.19,Cubic Bistot,0.18,Platinoid Omber,0.32,Scintillating Hemorphite,0.3,,
428,Immensea,6-I162,4,1,,Bitumens,0.2,Brilliant Gneiss,0.22,Jet Ochre,0.24,Resplendant Kernite,0.34,,
429,Immensea,6-I162,7,1,,Coesite,0.28,Cubic Bistot,0.19,Resplendant Kernite,0.35,Zeolites,0.18,,
430,Immensea,6-I162,7,2,,Coesite,0.22,Jet Ochre,0.28,Platinoid Omber,0.17,Zeolites,0.32,,
431,Immensea,4-GB14,4,1,,Coesite,0.26,Scintillating Hemorphite,0.53,Sylvite,0.21,,,,
432,Immensea,4-GB14,6,1,,Immaculate Jaspet,0.29,Pellucid Crokite,0.31,Sparkling Plagioclase,0.2,Zeolites,0.2,,
433,Immensea,4-GB14,7,1,,Bitumens,0.25,Opulent Pyroxeres,0.48,Stable Veldspar,0.27,,,,
434,Immensea,4-GB14,8,1,,Cubic Bistot,0.34,Resplendant Kernite,0.21,Zeolites,0.46,,,,
435,Immensea,4-GB14,8,2,,Bitumens,0.34,Platinoid Omber,0.2,Sparkling Plagioclase,0.24,Sylvite,0.21,,
436,Immensea,4-GB14,8,3,,Bitumens,0.18,Dazzling Spodumain,0.5,Resplendant Kernite,0.32,,,,
437,Immensea,4-GB14,8,4,,Cubic Bistot,0.48,Euxenite,0.29,Sylvite,0.23,,,,
438,Immensea,4-GB14,8,5,,Coesite,0.2,Dazzling Spodumain,0.32,Immaculate Jaspet,0.3,Lustrous Hedbergite,0.18,,
439,Immensea,4-GB14,8,6,,Opulent Pyroxeres,0.31,Resplendant Kernite,0.2,Sparkling Plagioclase,0.33,Sylvite,0.16,,
440,Immensea,4-GB14,8,7,,Bitumens,0.33,Resplendant Kernite,0.31,Stable Veldspar,0.19,Sylvite,0.18,,
441,Immensea,4-GB14,8,8,,Bitumens,0.29,Jet Ochre,0.49,Zeolites,0.22,,,,
442,Immensea,4-GB14,8,9,,Bitumens,0.2,Brilliant Gneiss,0.15,Pellucid Crokite,0.31,Sparkling Plagioclase,0.34,,
443,Immensea,4-GB14,8,10,,Bitumens,0.16,Platinoid Omber,0.52,Sylvite,0.32,,,,
444,Immensea,4-GB14,8,11,,Coesite,0.23,Glossy Scordite,0.26,Resplendant Kernite,0.18,Stable Veldspar,0.34,,
445,Immensea,4-GB14,8,12,,Euxenite,0.24,Jet Ochre,0.36,Lustrous Hedbergite,0.32,Otavite,0.08,,
446,Immensea,4-GB14,8,13,,Jet Ochre,0.36,Lustrous Hedbergite,0.18,Sparkling Plagioclase,0.29,Sylvite,0.17,,
447,Immensea,4-GB14,8,14,,Bitumens,0.54,Euxenite,0.28,Sylvite,0.18,,,,
448,Immensea,4-GB14,8,15,,Coesite,0.53,Resplendant Kernite,0.2,Stable Veldspar,0.28,,,,
449,Immensea,4-GB14,8,16,,Bitumens,0.3,Coesite,0.21,Cubic Bistot,0.16,Zeolites,0.32,,
450,Immensea,4-GB14,8,17,,Cubic Bistot,0.34,Lustrous Hedbergite,0.29,Sparkling Plagioclase,0.18,Zeolites,0.18,,
451,Immensea,4-GB14,9,1,,Bitumens,0.17,Coesite,0.29,Lustrous Hedbergite,0.31,Scintillating Hemorphite,0.23,,
452,Immensea,4-GB14,9,2,,Cubic Bistot,0.21,Glossy Scordite,0.27,Opulent Pyroxeres,0.35,Zeolites,0.16,,
453,Immensea,4-GB14,9,3,,Euxenite,0.6,Glossy Scordite,0.18,Zeolites,0.22,,,,
454,Immensea,4-GB14,10,1,,Pellucid Crokite,0.2,Sparkling Plagioclase,0.2,Sylvite,0.35,Vanadinite,0.26,,
455,Immensea,4-GB14,10,2,,Brilliant Gneiss,0.17,Coesite,0.2,Lustrous Hedbergite,0.34,Scintillating Hemorphite,0.29,,
456,Immensea,4-GB14,10,3,,Coesite,0.29,Pellucid Crokite,0.2,Sylvite,0.31,Zeolites,0.19,,
457,Immensea,4-GB14,10,4,,Brilliant Gneiss,0.2,Lustrous Hedbergite,0.3,Scintillating Hemorphite,0.31,Sylvite,0.18,,
458,Immensea,4-GB14,10,5,,Flawless Arkonor,0.28,Lustrous Hedbergite,0.52,Sylvite,0.2,,,,
459,Immensea,4-GB14,10,6,,Coesite,0.46,Scintillating Hemorphite,0.2,Sparkling Plagioclase,0.33,,,,
460,Immensea,4-GB14,10,7,,Coesite,0.19,Dazzling Spodumain,0.17,Glossy Scordite,0.33,Opulent Pyroxeres,0.31,,
461,Immensea,4-GB14,10,8,,Euxenite,0.33,Pellucid Crokite,0.22,Resplendant Kernite,0.21,Sparkling Plagioclase,0.24,,
462,Immensea,4-GB14,10,9,,Bitumens,0.21,Brilliant Gneiss,0.21,Jet Ochre,0.28,Stable Veldspar,0.3,,
463,Immensea,4-GB14,10,10,,Cubic Bistot,0.19,Dazzling Spodumain,0.31,Flawless Arkonor,0.31,Sylvite,0.19,,
464,Immensea,4-GB14,10,11,,Coesite,0.18,Flawless Arkonor,0.5,Jet Ochre,0.31,,,,
465,Immensea,4-GB14,10,12,,Resplendant Kernite,0.18,Scintillating Hemorphite,0.29,Sparkling Plagioclase,0.28,Sylvite,0.25,,
466,Immensea,4-GB14,10,13,,Coesite,0.22,Opulent Pyroxeres,0.28,Sparkling Plagioclase,0.31,Stable Veldspar,0.19,,
467,Immensea,4-GB14,10,14,,Bitumens,0.22,Cubic Bistot,0.21,Pellucid Crokite,0.26,Stable Veldspar,0.31,,
468,Immensea,4-GB14,10,15,,Immaculate Jaspet,0.51,Stable Veldspar,0.29,Zeolites,0.2,,,,
469,Immensea,4-GB14,10,16,,Brilliant Gneiss,0.28,Coesite,0.21,Opulent Pyroxeres,0.2,Sparkling Plagioclase,0.31,,
470,Immensea,4-GB14,10,17,,Dazzling Spodumain,0.33,Stable Veldspar,0.21,Sylvite,0.19,Zeolites,0.27,,
471,Immensea,4-GB14,10,18,,Coesite,0.18,Glossy Scordite,0.33,Opulent Pyroxeres,0.22,Sylvite,0.28,,
472,Immensea,4-GB14,10,19,,Immaculate Jaspet,0.09,Otavite,0.24,Platinoid Omber,0.33,Vanadinite,0.35,,
473,Immensea,4-GB14,10,20,,Bitumens,0.24,Glossy Scordite,0.22,Immaculate Jaspet,0.29,Pellucid Crokite,0.25,,
474,Immensea,4-GB14,10,21,,Cubic Bistot,0.34,Flawless Arkonor,0.29,Scintillating Hemorphite,0.19,Zeolites,0.18,,
475,Immensea,4-GB14,10,22,,Coesite,0.18,Opulent Pyroxeres,0.25,Resplendant Kernite,0.34,Sparkling Plagioclase,0.23,,
476,Immensea,4-GB14,11,1,,Opulent Pyroxeres,0.2,Platinoid Omber,0.31,Stable Veldspar,0.29,Sylvite,0.2,,
477,Immensea,4-GB14,11,2,,Jet Ochre,0.45,Sparkling Plagioclase,0.34,Sylvite,0.2,,,,
478,Immensea,78TS-Q,6,1,,Stable Veldspar,0.2,Pure Jaspet,0.32,Coesite,0.18,,,,
479,Immensea,78TS-Q,6,2,,Gneiss,0.08,Jet Ochre,0.32,Sperrylite,0.33,Vanadinite,0.27,,
480,Immensea,78TS-Q,8,1,,Opulent Pyroxeres,0.25,Cubic Bistot,0.19,Coesite,0.35,Bitumens,0.2,,
481,Immensea,78TS-Q,8,2,,Gneiss,0.6,Pellucid Crokite,0.21,Bitumens,0.19,,,,
482,Immensea,78TS-Q,8,3,,Platinoid Omber,0.32,Dazzling Spodumain,0.2,Coesite,0.16,Zeolites,0.31,,
483,Immensea,78TS-Q,8,4,,Sparkling Plagioclase,0.27,Cubic Bistot,0.29,Zeolites,0.18,Euxenite,0.26,,
484,Immensea,78TS-Q,8,5,,Glossy Scordite,0.31,Sparkling Plagioclase,0.31,Gneiss,0.28,Coesite,0.21,,
485,Immensea,A4B-V5,1,1,,Coesite,0.44,Euxenite,0.38,Sylvite,0.19,,,,
486,Immensea,A4B-V5,2,1,,Bitumens,0.19,Pellucid Crokite,0.26,Platinoid Omber,0.19,Stable Veldspar,0.35,,
487,Immensea,A4B-V5,3,1,,Cubic Bistot,0.32,Lustrous Hedbergite,0.47,Sylvite,0.2,,,,
488,Immensea,A4B-V5,3,2,,Cubic Bistot,0.36,Immaculate Jaspet,0.16,Resplendant Kernite,0.24,Sylvite,0.23,,
489,Immensea,A4B-V5,3,3,,Brilliant Gneiss,0.23,Resplendant Kernite,0.32,Sparkling Plagioclase,0.24,Sylvite,0.22,,
490,Immensea,A4B-V5,3,4,,Bitumens,0.31,Brilliant Gneiss,0.21,Flawless Arkonor,0.3,Zeolites,0.19,,
491,Immensea,A4B-V5,3,5,,Bitumens,0.21,Cubic Bistot,0.25,Flawless Arkonor,0.36,Lustrous Hedbergite,0.18,,
492,Immensea,A4B-V5,3,6,,Coesite,0.54,Cubic Bistot,0.3,Glossy Scordite,0.16,,,,
493,Immensea,A4B-V5,3,7,,Coesite,0.19,Cubic Bistot,0.29,Flawless Arkonor,0.29,Lustrous Hedbergite,0.23,,
494,Immensea,A4B-V5,3,8,,Dazzling Spodumain,0.19,Scintillating Hemorphite,0.3,Stable Veldspar,0.31,Sylvite,0.21,,
495,Immensea,A4B-V5,3,9,,Cubic Bistot,0.21,Euxenite,0.32,Immaculate Jaspet,0.47,,,,
496,Immensea,A4B-V5,3,10,,Bitumens,0.52,Glossy Scordite,0.27,Stable Veldspar,0.21,,,,
497,Immensea,A4B-V5,3,11,,Euxenite,0.29,Jet Ochre,0.18,Lustrous Hedbergite,0.27,Scintillating Hemorphite,0.27,,
498,Immensea,A4B-V5,3,12,,Bitumens,0.28,Flawless Arkonor,0.31,Scintillating Hemorphite,0.2,Zeolites,0.22,,
499,Immensea,A4B-V5,3,13,,Coesite,0.23,Immaculate Jaspet,0.33,Stable Veldspar,0.18,Zeolites,0.25,,
500,Immensea,A4B-V5,3,14,,Bitumens,0.18,Brilliant Gneiss,0.29,Pellucid Crokite,0.18,Scintillating Hemorphite,0.34,,
501,Immensea,A4B-V5,3,15,,Brilliant Gneiss,0.34,Opulent Pyroxeres,0.29,Stable Veldspar,0.18,Sylvite,0.2,,
502,Immensea,A4B-V5,3,16,,Jet Ochre,0.28,Resplendant Kernite,0.27,Sparkling Plagioclase,0.25,Sylvite,0.2,,
503,Immensea,A4B-V5,3,17,,Bitumens,0.21,Cubic Bistot,0.31,Dazzling Spodumain,0.29,Lustrous Hedbergite,0.19,,
504,Immensea,A4B-V5,3,18,,Coesite,0.51,Pellucid Crokite,0.49,,,,,,
505,Immensea,A4B-V5,3,19,,Coesite,0.2,Dazzling Spodumain,0.32,Jet Ochre,0.25,Pellucid Crokite,0.23,,
506,Immensea,A4B-V5,3,20,,Bitumens,0.31,Pellucid Crokite,0.19,Resplendant Kernite,0.3,Zeolites,0.19,,
507,Immensea,A4B-V5,4,1,,Bitumens,0.21,Dazzling Spodumain,0.22,Scintillating Hemorphite,0.29,Sparkling Plagioclase,0.28,,
508,Immensea,A4B-V5,4,2,,Cubic Bistot,0.22,Platinoid Omber,0.33,Zeolites,0.44,,,,
509,Immensea,A4B-V5,4,3,,Brilliant Gneiss,0.22,Resplendant Kernite,0.32,Sylvite,0.15,Zeolites,0.31,,
510,Immensea,A4B-V5,4,4,,Coesite,0.16,Glossy Scordite,0.32,Scintillating Hemorphite,0.21,Sylvite,0.31,,
511,Immensea,A4B-V5,4,5,,Cubic Bistot,0.64,Resplendant Kernite,0.18,Zeolites,0.18,,,,
512,Immensea,A4B-V5,4,6,,Euxenite,0.28,Lustrous Hedbergite,0.26,Pellucid Crokite,0.17,Sparkling Plagioclase,0.29,,
513,Immensea,A4B-V5,4,7,,Bitumens,0.16,Brilliant Gneiss,0.34,Platinoid Omber,0.5,,,,
514,Immensea,A4B-V5,4,8,,Dazzling Spodumain,0.19,Immaculate Jaspet,0.34,Resplendant Kernite,0.25,Sylvite,0.22,,
515,Immensea,A4B-V5,4,9,,Immaculate Jaspet,0.26,Scintillating Hemorphite,0.54,Zeolites,0.19,,,,
516,Immensea,A4B-V5,4,10,,Euxenite,0.29,Pellucid Crokite,0.28,Resplendant Kernite,0.23,Stable Veldspar,0.2,,
517,Immensea,A4B-V5,4,11,,Cubic Bistot,0.17,Euxenite,0.35,Glossy Scordite,0.23,Lustrous Hedbergite,0.25,,
518,Immensea,A4B-V5,4,12,,Bitumens,0.22,Flawless Arkonor,0.16,Platinoid Omber,0.62,,,,
519,Immensea,A4B-V5,4,13,,Dazzling Spodumain,0.18,Euxenite,0.44,Scheelite,0.2,Zeolites,0.17,,
520,Immensea,A4B-V5,4,14,,Glossy Scordite,0.32,Opulent Pyroxeres,0.27,Pellucid Crokite,0.18,Sylvite,0.23,,
521,Immensea,A4B-V5,4,15,,Coesite,0.54,Resplendant Kernite,0.18,Sylvite,0.28,,,,
522,Immensea,A4B-V5,5,1,,Coesite,0.16,Glossy Scordite,0.32,Jet Ochre,0.23,Lustrous Hedbergite,0.29,,
523,Immensea,A4B-V5,5,2,,Cubic Bistot,0.22,Platinoid Omber,0.28,Stable Veldspar,0.29,Zeolites,0.21,,
524,Immensea,A4B-V5,5,3,,Bitumens,0.44,Cubic Bistot,0.2,Stable Veldspar,0.36,,,,
525,Immensea,A4B-V5,5,4,,Bitumens,0.2,Coesite,0.3,Immaculate Jaspet,0.3,Resplendant Kernite,0.2,,
526,Immensea,A4B-V5,5,5,,Flawless Arkonor,0.33,Immaculate Jaspet,0.47,Zeolites,0.2,,,,
527,Immensea,A4B-V5,5,6,,Brilliant Gneiss,0.37,Opulent Pyroxeres,0.27,Sparkling Plagioclase,0.19,Zeolites,0.17,,
528,Immensea,A4B-V5,5,7,,Euxenite,0.19,Flawless Arkonor,0.27,Immaculate Jaspet,0.43,Vanadinite,0.11,,
529,Immensea,A4B-V5,5,8,,Bitumens,0.21,Glossy Scordite,0.29,Opulent Pyroxeres,0.33,Pellucid Crokite,0.18,,
530,Immensea,A4B-V5,5,9,,Immaculate Jaspet,0.12,Jet Ochre,0.28,Scintillating Hemorphite,0.26,Vanadinite,0.34,,
531,Immensea,A4B-V5,5,10,,Brilliant Gneiss,0.31,Immaculate Jaspet,0.22,Jet Ochre,0.26,Zeolites,0.21,,
532,Immensea,A4B-V5,5,11,,Brilliant Gneiss,0.34,Coesite,0.26,Platinoid Omber,0.18,Zeolites,0.22,,
533,Immensea,A4B-V5,5,12,,Dazzling Spodumain,0.19,Scintillating Hemorphite,0.3,Sylvite,0.24,Zeolites,0.27,,
534,Immensea,A4B-V5,5,13,,Euxenite,0.2,Glossy Scordite,0.38,Otavite,0.11,Scintillating Hemorphite,0.31,,
535,Immensea,A4B-V5,5,14,,Dazzling Spodumain,0.54,Glossy Scordite,0.29,Sylvite,0.17,,,,
536,Immensea,A4B-V5,5,15,,Bitumens,0.18,Brilliant Gneiss,0.34,Sparkling Plagioclase,0.2,Sylvite,0.28,,
537,Immensea,A4B-V5,5,16,,Bitumens,0.2,Cubic Bistot,0.23,Jet Ochre,0.31,Pellucid Crokite,0.26,,
538,Immensea,A4B-V5,5,17,,Coesite,0.22,Immaculate Jaspet,0.27,Jet Ochre,0.29,Scintillating Hemorphite,0.21,,
539,Immensea,A4B-V5,5,18,,Bitumens,0.34,Opulent Pyroxeres,0.19,Resplendant Kernite,0.3,Sylvite,0.17,,
540,Immensea,A4B-V5,5,19,,Brilliant Gneiss,0.29,Cubic Bistot,0.29,Stable Veldspar,0.21,Sylvite,0.21,,
541,Immensea,A4B-V5,5,20,,Flawless Arkonor,0.31,Opulent Pyroxeres,0.2,Sparkling Plagioclase,0.26,Zeolites,0.23,,
542,Immensea,A4B-V5,5,21,,Bitumens,0.21,Coesite,0.26,Jet Ochre,0.21,Sparkling Plagioclase,0.32,,
543,Immensea,A4B-V5,6,1,,Cubic Bistot,0.31,Euxenite,0.18,Immaculate Jaspet,0.4,Vanadinite,0.11,,
544,Immensea,A4B-V5,6,2,,Bitumens,0.32,Cubic Bistot,0.24,Lustrous Hedbergite,0.22,Zeolites,0.22,,
545,Immensea,A4B-V5,6,3,,Cubic Bistot,0.2,Jet Ochre,0.63,Zeolites,0.17,,,,
546,Immensea,A4B-V5,6,4,,Bitumens,0.19,Coesite,0.34,Cubic Bistot,0.18,Sylvite,0.29,,
547,Immensea,A4B-V5,6,5,,Chromite,0.53,Sparkling Plagioclase,0.35,Stable Veldspar,0.12,,,,
548,Immensea,A4B-V5,6,6,,Cubic Bistot,0.48,Resplendant Kernite,0.29,Zeolites,0.23,,,,
549,Immensea,A4B-V5,6,7,,Coesite,0.34,Glossy Scordite,0.18,Lustrous Hedbergite,0.31,Sylvite,0.17,,
550,Immensea,A4B-V5,6,8,,Bitumens,0.22,Cubic Bistot,0.21,Platinoid Omber,0.32,Sylvite,0.25,,
551,Immensea,A4B-V5,6,9,,Brilliant Gneiss,0.25,Coesite,0.18,Glossy Scordite,0.24,Stable Veldspar,0.32,,
552,Immensea,A4B-V5,6,10,,Flawless Arkonor,0.36,Scintillating Hemorphite,0.09,Sparkling Plagioclase,0.28,Sperrylite,0.27,,
553,Immensea,A4B-V5,6,11,,Bitumens,0.2,Immaculate Jaspet,0.31,Lustrous Hedbergite,0.28,Resplendant Kernite,0.22,,
554,Immensea,A4B-V5,6,12,,Bitumens,0.21,Platinoid Omber,0.32,Resplendant Kernite,0.32,Stable Veldspar,0.15,,
555,Immensea,A4B-V5,6,13,,Flawless Arkonor,0.21,Jet Ochre,0.3,Platinoid Omber,0.26,Zeolites,0.23,,
556,Immensea,A4B-V5,6,14,,Bitumens,0.2,Glossy Scordite,0.29,Lustrous Hedbergite,0.28,Resplendant Kernite,0.23,,
557,Immensea,A4B-V5,6,15,,Brilliant Gneiss,0.28,Coesite,0.48,Lustrous Hedbergite,0.24,,,,
558,Immensea,A4B-V5,6,16,,Coesite,0.3,Cubic Bistot,0.19,Immaculate Jaspet,0.34,Sylvite,0.18,,
559,Immensea,A4B-V5,6,17,,Cubic Bistot,0.26,Flawless Arkonor,0.19,Sylvite,0.55,,,,
560,Immensea,A4B-V5,6,18,,Pellucid Crokite,0.17,Platinoid Omber,0.24,Sparkling Plagioclase,0.24,Sperrylite,0.35,,
561,Immensea,A4B-V5,6,19,,Bitumens,0.26,Dazzling Spodumain,0.17,Jet Ochre,0.35,Zeolites,0.22,,
562,Immensea,A4B-V5,6,20,,Bitumens,0.24,Cubic Bistot,0.19,Pellucid Crokite,0.29,Sylvite,0.28,,
563,Immensea,A4B-V5,6,21,,Coesite,0.21,Cubic Bistot,0.22,Stable Veldspar,0.31,Zeolites,0.27,,
564,Immensea,AF0-V5,1,1,,Bitumens,0.17,Flawless Arkonor,0.29,Opulent Pyroxeres,0.19,Resplendant Kernite,0.36,,
565,Immensea,AF0-V5,2,1,,Lustrous Hedbergite,0.49,Sylvite,0.51,,,,,,
566,Immensea,AF0-V5,3,1,,Dazzling Spodumain,0.24,Jet Ochre,0.26,Sylvite,0.28,Zeolites,0.23,,
567,Immensea,AF0-V5,4,1,,Dazzling Spodumain,0.31,Platinoid Omber,0.09,Sparkling Plagioclase,0.3,Vanadinite,0.29,,
568,Immensea,AF0-V5,5,1,,Bitumens,0.22,Flawless Arkonor,0.25,Lustrous Hedbergite,0.21,Pellucid Crokite,0.31,,
569,Immensea,AF0-V5,5,2,,Brilliant Gneiss,0.24,Flawless Arkonor,0.3,Immaculate Jaspet,0.26,Zeolites,0.19,,
570,Immensea,AF0-V5,5,3,,Coesite,0.19,Glossy Scordite,0.57,Lustrous Hedbergite,0.23,,,,
571,Immensea,AF0-V5,5,4,,Bitumens,0.19,Flawless Arkonor,0.17,Glossy Scordite,0.32,Resplendant Kernite,0.32,,
572,Immensea,AF0-V5,6,1,,Bitumens,0.2,Resplendant Kernite,0.19,Sparkling Plagioclase,0.3,Stable Veldspar,0.32,,
573,Immensea,AF0-V5,6,2,,Bitumens,0.26,Lustrous Hedbergite,0.32,Sparkling Plagioclase,0.21,Zeolites,0.21,,
574,Immensea,AF0-V5,6,3,,Bitumens,0.2,Lustrous Hedbergite,0.19,Stable Veldspar,0.61,,,,
575,Immensea,AF0-V5,6,4,,Coesite,0.19,Dazzling Spodumain,0.22,Resplendant Kernite,0.25,Stable Veldspar,0.34,,
576,Immensea,AF0-V5,6,5,,Bitumens,0.19,Coesite,0.34,Opulent Pyroxeres,0.18,Zeolites,0.29,,
577,Immensea,AF0-V5,6,6,,Bitumens,0.21,Flawless Arkonor,0.17,Immaculate Jaspet,0.36,Jet Ochre,0.26,,
578,Immensea,AF0-V5,6,7,,Bitumens,0.19,Dazzling Spodumain,0.22,Immaculate Jaspet,0.27,Stable Veldspar,0.32,,
579,Immensea,AF0-V5,6,8,,Platinoid Omber,0.55,Stable Veldspar,0.27,Zeolites,0.18,,,,
580,Immensea,AF0-V5,6,9,,Euxenite,0.27,Platinoid Omber,0.23,Resplendant Kernite,0.22,Stable Veldspar,0.28,,
581,Immensea,AF0-V5,6,10,,Coesite,0.19,Cubic Bistot,0.34,Immaculate Jaspet,0.27,Resplendant Kernite,0.2,,
582,Immensea,AF0-V5,6,11,,Brilliant Gneiss,0.34,Coesite,0.17,Dazzling Spodumain,0.22,Resplendant Kernite,0.27,,
583,Immensea,AF0-V5,6,12,,Coesite,0.32,Resplendant Kernite,0.53,Sylvite,0.15,,,,
584,Immensea,AF0-V5,6,13,,Bitumens,0.23,Jet Ochre,0.15,Scintillating Hemorphite,0.29,Stable Veldspar,0.33,,
585,Immensea,AF0-V5,6,14,,Brilliant Gneiss,0.18,Coesite,0.24,Lustrous Hedbergite,0.3,Opulent Pyroxeres,0.28,,
586,Immensea,AF0-V5,6,15,,Brilliant Gneiss,0.35,Coesite,0.2,Lustrous Hedbergite,0.17,Sparkling Plagioclase,0.28,,
587,Immensea,AF0-V5,6,16,,Immaculate Jaspet,0.22,Opulent Pyroxeres,0.3,Scintillating Hemorphite,0.29,Zeolites,0.2,,
588,Immensea,AF0-V5,6,17,,Coesite,0.34,Pellucid Crokite,0.22,Stable Veldspar,0.23,Sylvite,0.2,,
589,Immensea,AF0-V5,6,18,,Bitumens,0.52,Glossy Scordite,0.19,Scintillating Hemorphite,0.28,,,,
590,Immensea,AF0-V5,6,19,,Bitumens,0.18,Brilliant Gneiss,0.2,Cubic Bistot,0.33,Scintillating Hemorphite,0.3,,
591,Immensea,AF0-V5,6,20,,Coesite,0.5,Platinoid Omber,0.2,Resplendant Kernite,0.3,,,,
592,Immensea,AF0-V5,6,21,,Coesite,0.33,Jet Ochre,0.21,Sylvite,0.29,Zeolites,0.17,,
593,Immensea,AF0-V5,7,1,,Flawless Arkonor,0.29,Platinoid Omber,0.18,Resplendant Kernite,0.31,Zeolites,0.21,,
594,Immensea,AF0-V5,8,1,,Cubic Bistot,0.3,Immaculate Jaspet,0.21,Sylvite,0.26,Zeolites,0.23,,
595,Immensea,AF0-V5,8,2,,Coesite,0.45,Flawless Arkonor,0.37,Pellucid Crokite,0.18,,,,
596,Immensea,AF0-V5,8,3,,Coesite,0.24,Euxenite,0.31,Lustrous Hedbergite,0.27,Sylvite,0.18,,
597,Immensea,AF0-V5,8,4,,Bitumens,0.21,Cubic Bistot,0.22,Flawless Arkonor,0.26,Sparkling Plagioclase,0.31,,
598,Immensea,AF0-V5,8,5,,Coesite,0.23,Dazzling Spodumain,0.17,Euxenite,0.4,Zeolites,0.2,,
599,Immensea,AF0-V5,8,6,,Dazzling Spodumain,0.25,Immaculate Jaspet,0.33,Sparkling Plagioclase,0.19,Zeolites,0.22,,
600,Immensea,AF0-V5,8,7,,Glossy Scordite,0.33,Resplendant Kernite,0.26,Scintillating Hemorphite,0.17,Zeolites,0.23,,
601,Immensea,AF0-V5,8,8,,Chromite,0.29,Immaculate Jaspet,0.1,Lustrous Hedbergite,0.29,Sperrylite,0.32,,
602,Immensea,AF0-V5,8,9,,Brilliant Gneiss,0.17,Dazzling Spodumain,0.29,Immaculate Jaspet,0.33,Zeolites,0.21,,
603,Immensea,AF0-V5,8,10,,Cubic Bistot,0.28,Lustrous Hedbergite,0.31,Resplendant Kernite,0.22,Zeolites,0.19,,
604,Immensea,AF0-V5,8,11,,Coesite,0.23,Glossy Scordite,0.18,Lustrous Hedbergite,0.34,Pellucid Crokite,0.25,,
605,Immensea,AF0-V5,8,12,,Resplendant Kernite,0.21,Stable Veldspar,0.26,Zeolites,0.53,,,,
606,Immensea,AF0-V5,8,13,,Dazzling Spodumain,0.2,Glossy Scordite,0.3,Opulent Pyroxeres,0.3,Zeolites,0.2,,
607,Immensea,AF0-V5,8,14,,Brilliant Gneiss,0.29,Coesite,0.2,Cubic Bistot,0.33,Scintillating Hemorphite,0.18,,
608,Immensea,AF0-V5,8,15,,Coesite,0.22,Glossy Scordite,0.26,Immaculate Jaspet,0.3,Lustrous Hedbergite,0.22,,
609,Immensea,AF0-V5,8,16,,Sparkling Plagioclase,0.3,Stable Veldspar,0.22,Sylvite,0.31,Zeolites,0.17,,
610,Immensea,AF0-V5,8,17,,Chromite,0.1,Euxenite,0.25,Lustrous Hedbergite,0.65,,,,
611,Immensea,AF0-V5,8,18,,Coesite,0.22,Jet Ochre,0.27,Lustrous Hedbergite,0.28,Pellucid Crokite,0.23,,
612,Immensea,AF0-V5,8,19,,Jet Ochre,0.3,Lustrous Hedbergite,0.18,Sparkling Plagioclase,0.29,Zeolites,0.23,,
613,Immensea,AF0-V5,8,20,,Glossy Scordite,0.22,Resplendant Kernite,0.28,Sylvite,0.27,Zeolites,0.22,,
614,Immensea,AF0-V5,8,21,,Brilliant Gneiss,0.28,Cubic Bistot,0.31,Jet Ochre,0.19,Sylvite,0.21,,
615,Immensea,AF0-V5,8,22,,Bitumens,0.26,Resplendant Kernite,0.45,Zeolites,0.29,,,,
616,Immensea,AF0-V5,9,1,,Bitumens,0.2,Immaculate Jaspet,0.22,Lustrous Hedbergite,0.25,Sylvite,0.33,,
617,Immensea,AF0-V5,9,2,,Opulent Pyroxeres,0.3,Pellucid Crokite,0.28,Scintillating Hemorphite,0.21,Zeolites,0.21,,
618,Immensea,AF0-V5,10,1,,Bitumens,0.2,Platinoid Omber,0.29,Scintillating Hemorphite,0.21,Zeolites,0.3,,
619,Immensea,AF0-V5,10,2,,Flawless Arkonor,0.21,Immaculate Jaspet,0.2,Sperrylite,0.41,Stable Veldspar,0.18,,
620,Immensea,AF0-V5,10,3,,Coesite,0.5,Immaculate Jaspet,0.29,Jet Ochre,0.21,,,,
621,Immensea,B-A587,2,1,,Pellucid Crokite,0.2,Scintillating Hemorphite,0.3,Sylvite,0.51,,,,
622,Immensea,B-A587,3,1,,Bitumens,0.16,Euxenite,0.46,Sylvite,0.21,Zeolites,0.16,,
623,Immensea,B-A587,4,1,,Dazzling Spodumain,0.27,Sparkling Plagioclase,0.19,Sylvite,0.34,Zeolites,0.2,,
624,Immensea,B-A587,4,2,,Coesite,0.18,Dazzling Spodumain,0.34,Resplendant Kernite,0.2,Stable Veldspar,0.28,,
625,Immensea,B-A587,4,3,,Coesite,0.26,Lustrous Hedbergite,0.29,Opulent Pyroxeres,0.22,Zeolites,0.23,,
626,Immensea,B-A587,4,4,,Coesite,0.43,Dazzling Spodumain,0.31,Euxenite,0.18,Otavite,0.08,,
627,Immensea,B-A587,5,1,,Platinoid Omber,0.3,Resplendant Kernite,0.2,Sylvite,0.33,Zeolites,0.17,,
628,Immensea,B-A587,5,2,,Bitumens,0.19,Platinoid Omber,0.22,Resplendant Kernite,0.35,Stable Veldspar,0.24,,
629,Immensea,B-A587,5,3,,Bitumens,0.19,Glossy Scordite,0.27,Lustrous Hedbergite,0.18,Opulent Pyroxeres,0.37,,
630,Immensea,B-A587,5,4,,Coesite,0.21,Flawless Arkonor,0.17,Scintillating Hemorphite,0.33,Zeolites,0.29,,
631,Immensea,B-A587,5,5,,Coesite,0.24,Euxenite,0.3,Flawless Arkonor,0.23,Resplendant Kernite,0.23,,
632,Immensea,B-A587,5,6,,Bitumens,0.19,Euxenite,0.38,Pellucid Crokite,0.22,Titanite,0.2,,
633,Immensea,B-A587,5,7,,Euxenite,0.32,Lustrous Hedbergite,0.23,Scintillating Hemorphite,0.27,Sparkling Plagioclase,0.17,,
634,Immensea,B-A587,5,8,,Coesite,0.2,Sparkling Plagioclase,0.2,Sylvite,0.3,Zeolites,0.3,,
635,Immensea,B-A587,5,9,,Cubic Bistot,0.31,Immaculate Jaspet,0.33,Platinoid Omber,0.19,Sylvite,0.17,,
636,Immensea,B-A587,5,10,,Cubic Bistot,0.16,Euxenite,0.42,Scheelite,0.22,Zeolites,0.21,,
637,Immensea,B-A587,5,11,,Coesite,0.55,Dazzling Spodumain,0.19,Glossy Scordite,0.26,,,,
638,Immensea,B-A587,5,12,,Brilliant Gneiss,0.57,Dazzling Spodumain,0.18,Zeolites,0.25,,,,
639,Immensea,B-A587,5,13,,Bitumens,0.22,Cubic Bistot,0.17,Jet Ochre,0.29,Sylvite,0.32,,
640,Immensea,B-A587,5,14,,Brilliant Gneiss,0.29,Resplendant Kernite,0.2,Zeolites,0.51,,,,
641,Immensea,B-A587,5,15,,Cubic Bistot,0.22,Sparkling Plagioclase,0.32,Zeolites,0.47,,,,
642,Immensea,B-A587,5,16,,Coesite,0.2,Dazzling Spodumain,0.34,Flawless Arkonor,0.27,Pellucid Crokite,0.19,,
643,Immensea,B-A587,5,17,,Coesite,0.29,Flawless Arkonor,0.22,Pellucid Crokite,0.29,Sylvite,0.21,,
644,Immensea,B-A587,5,18,,Dazzling Spodumain,0.24,Euxenite,0.27,Immaculate Jaspet,0.24,Resplendant Kernite,0.25,,
645,Immensea,B-A587,5,19,,Bitumens,0.21,Chromite,0.19,Platinoid Omber,0.22,Vanadinite,0.38,,
646,Immensea,B-A587,5,20,,Chromite,0.12,Euxenite,0.18,Stable Veldspar,0.3,Sylvite,0.39,,
647,Immensea,B-A587,6,1,,Bitumens,0.18,Brilliant Gneiss,0.22,Euxenite,0.6,,,,
648,Immensea,B-A587,6,2,,Bitumens,0.2,Lustrous Hedbergite,0.18,Resplendant Kernite,0.3,Sparkling Plagioclase,0.32,,
649,Immensea,B-A587,6,3,,Coesite,0.23,Platinoid Omber,0.3,Scintillating Hemorphite,0.19,Sylvite,0.28,,
650,Immensea,B-A587,6,4,,Flawless Arkonor,0.23,Scintillating Hemorphite,0.3,Stable Veldspar,0.27,Sylvite,0.2,,
651,Immensea,B-A587,6,5,,Brilliant Gneiss,0.67,Coesite,0.15,Immaculate Jaspet,0.18,,,,
652,Immensea,B-A587,6,6,,Chromite,0.22,Opulent Pyroxeres,0.17,Platinoid Omber,0.17,Ytterbite,0.44,,
653,Immensea,B-A587,6,7,,Bitumens,0.27,Resplendant Kernite,0.51,Zeolites,0.22,,,,
654,Immensea,B-A587,6,8,,Bitumens,0.49,Dazzling Spodumain,0.21,Resplendant Kernite,0.31,,,,
655,Immensea,B-A587,6,9,,Immaculate Jaspet,0.27,Opulent Pyroxeres,0.21,Sylvite,0.52,,,,
656,Immensea,B-A587,6,10,,Dazzling Spodumain,0.35,Immaculate Jaspet,0.26,Jet Ochre,0.16,Sylvite,0.23,,
657,Immensea,B-A587,6,11,,Bitumens,0.31,Pellucid Crokite,0.27,Scintillating Hemorphite,0.21,Zeolites,0.21,,
658,Immensea,B-A587,6,12,,Bitumens,0.17,Brilliant Gneiss,0.36,Immaculate Jaspet,0.2,Opulent Pyroxeres,0.27,,
659,Immensea,B-A587,6,13,,Flawless Arkonor,0.62,Lustrous Hedbergite,0.21,Zeolites,0.17,,,,
660,Immensea,B-A587,6,14,,Bitumens,0.22,Euxenite,0.27,Immaculate Jaspet,0.27,Sylvite,0.24,,
661,Immensea,B-A587,6,15,,Euxenite,0.34,Pellucid Crokite,0.27,Sparkling Plagioclase,0.16,Zeolites,0.23,,
662,Immensea,B-A587,6,16,,Bitumens,0.17,Dazzling Spodumain,0.32,Immaculate Jaspet,0.2,Sparkling Plagioclase,0.3,,
663,Immensea,B-A587,6,17,,Bitumens,0.22,Chromite,0.16,Cubic Bistot,0.21,Otavite,0.42,,
664,Immensea,B-A587,6,18,,Brilliant Gneiss,0.36,Resplendant Kernite,0.28,Sparkling Plagioclase,0.19,Zeolites,0.17,,
665,Immensea,B-KDOZ,1,1,,Replendant Kernite,0.29,Pure Jaspet,0.22,Pellucid Crokite,0.32,Zeolites,0.17,,
666,Immensea,B-KDOZ,3,1,,Pellucid Crokite,0.18,Coesite,0.3,Sylvites,0.52,,,,
667,Immensea,B-KDOZ,4,1,,Glossy Scordite,0.32,Cobaltite,0.09,Chromite,0.37,Zircon,0.21,,
668,Immensea,B-KDOZ,6,1,,Glossy Scordite,0.32,Brilliant Gneiss,0.21,Sylvite,0.19,Bitumens,0.28,,
669,Immensea,B-KDOZ,6,2,,Platinoid Omber,0.29,Brilliant Gneiss,0.2,Pellucid Crokite,0.3,Bitumens,0.2,,
670,Immensea,B-KDOZ,6,3,,Lustrous Hedbergite,0.21,Brilliant Gneiss,0.32,Jet Ochre,0.29,Sylvite,0.19,,
671,Immensea,B-KDOZ,6,4,,Stable Veldspar,0.23,Platinoid Omber,0.29,Brilliant Gneiss,0.28,Coesite,0.2,,
672,Immensea,B-KDOZ,6,5,,Scintillating Hemorphite,0.26,Cubic Bistot,0.19,Flawless Arkonor,0.33,Bitumens,0.23,,
673,Immensea,B-KDOZ,6,6,,Pure Jaspet,0.17,Sylvite,0.19,Euxenite,0.41,Cobaltite,0.23,,
674,Immensea,B-KDOZ,6,7,,Jet Ochre,0.33,Dazzling Spodumain,0.19,Bitumens,0.2,Zeolites,0.28,,
675,Immensea,B-KDOZ,7,1,,Resplendant Kernite,0.3,Flawless Arkonor,0.38,Euxenite,0.23,Chromite,0.1,,
676,Immensea,B-KDOZ,7,2,,Pellucid Crokite,0.32,Cubic Bistot,0.21,Bitumens,0.47,,,,
677,Immensea,B-KDOZ,7,3,,Resplendant Kernite,0.2,Pure Jaspet,0.22,Bitumens,0.2,Otavite,0.38,,
678,Immensea,B-KDOZ,7,4,,Sparkling Plagioclase,0.35,Pure Jaspet,0.27,Pellucid Crokite,0.21,Coesite,0.17,,
679,Immensea,B-KDOZ,7,5,,Jet Ochre,0.34,Dazzling Spodumain,0.21,Sylvite,0.45,,,,
680,Immensea,B-KDOZ,7,6,,Glossy Scordite,0.22,Platinoid Omber,0.3,Pellucid Crokite,0.3,Sylvite,0.18,,
681,Immensea,B-KDOZ,7,7,,Platinoid Omber,0.22,Flawless Arkonor,0.3,Coesite,0.48,,,,
682,Immensea,B-KDOZ,7,8,,Scintillating Hemorphite,0.41,Flawless Arkonor,0.31,Euxenite,0.21,Sperrylite,0.08,,
683,Immensea,B-KDOZ,7,9,,Stable Veldspar,0.32,Glossy Scordite,0.2,Cubic Bistot,0.32,Sylvite,0.17,,
684,Immensea,B-KDOZ,7,10,,Glossy Scordite,0.36,Sparkling Plagioclase,0.18,Brilliant Gneiss,0.28,Zeolites,0.18,,
685,Immensea,B-KDOZ,7,11,,Sparkling Plagioclase,0.34,Platinoid Omber,0.27,Resplendant Kernite,0.19,Coesite,0.21,,
686,Immensea,B-KDOZ,7,12,,Sparkling Plagioclase,0.34,Dazzling Spodumain,0.23,Coesite,0.23,Zeolites,0.2,,
687,Immensea,B-KDOZ,7,13,,Glossy Scordite,0.2,Brilliant Gneiss,0.33,Coesite,0.3,Bitumens,0.17,,
688,Immensea,B-KDOZ,7,14,,Flawless Arkonor,0.24,Coesite,0.33,Bitumens,0.43,,,,
689,Immensea,B-KDOZ,7,15,,Glossy Scordite,0.3,Lustrous Hedbergite,0.32,Pellucid Crokite,0.2,Sylvite,0.17,,
690,Immensea,B-KDOZ,8,1,,Glossy Scordite,0.24,Pellucid Crokite,0.22,Cubic Bistot,0.25,Euxenite,0.3,,
691,Immensea,B-KDOZ,8,2,,Opulent Pyroxeres,0.35,Lustrous Hedbergite,0.32,Jet Ochre,0.2,Zeolites,0.19,,
692,Immensea,B-KDOZ,9,1,,Resplendant Kernite,0.5,Jet Ochre,0.29,Zeolites,0.21,,,,
693,Immensea,B-KDOZ,9,2,,Scintillating Hemorphite,0.28,Lustrous Hedbergite,0.32,Dazzling Spodumain,0.22,Zeolites,0.18,,
694,Immensea,B-KDOZ,9,3,,Platinoid Omber,0.27,Brilliant Gneiss,0.2,Bitumens,0.32,Zeolites,0.21,,
695,Immensea,B-KDOZ,9,4,,Opulent Pyroxeres,0.29,Platinoid Omber,0.19,Cubic Bistot,0.31,Zeolites,0.21,,
696,Immensea,B-KDOZ,9,5,,Pure Jaspet,0.21,Dazzling Spodumain,0.28,Pellucid Crokite,0.32,Coesite,0.2,,
697,Immensea,B-KDOZ,9,6,,Stable Veldspar,0.24,Resplendant Kernite,0.27,Dazzling Spodumain,0.27,Zeolites,0.22,,
698,Immensea,B-KDOZ,9,7,,Platinoid Omber,0.18,Resplendant Kernite,0.27,Sylvite,0.22,Bitumens,0.33,,
699,Immensea,B-KDOZ,10,1,,Jet Ochre,0.24,Pellucid Crokite,0.21,Coesite,0.55,,,,
700,Immensea,B-KDOZ,10,2,,Platinoid Omber,0.22,Lustrous Hedbergite,0.21,Chromite,0.18,Vanadinite,0.4,,
701,Immensea,B-KDOZ,10,3,,Dazzling Spodumain,0.27,Pellucid Crokite,0.17,Coesite,0.32,Zeolites,0.24,,
702,Immensea,B-KDOZ,10,4,,Stable Veldspar,0.31,Flawless Arkonor,0.2,Sylvite,0.18,Bitumens,0.31,,
703,Immensea,B-KDOZ,10,5,,Pure Jaspet,0.49,Brilliant Gneiss,0.25,Zeolites,0.17,,,,
704,Immensea,B-KDOZ,10,6,,Sparkling Plagioclase,0.29,Resplendant Kernite,0.2,Lustrous Hedbergite,0.3,Zeolites,0.21,,
705,Immensea,B-S347,2,1,,Bitumens,0.32,Glossy Scordite,0.18,Resplendant Kernite,0.32,Sylvite,0.18,,
706,Immensea,B-S347,5,1,,Bitumens,0.21,Brilliant Gneiss,0.2,Glossy Scordite,0.28,Jet Ochre,0.3,,
707,Immensea,B-S347,6,1,,Dazzling Spodumain,0.43,Euxenite,0.18,Otavite,0.1,Stable Veldspar,0.28,,
708,Immensea,B-S347,6,2,,Coesite,0.16,Flawless Arkonor,0.33,Immaculate Jaspet,0.19,Sparkling Plagioclase,0.31,,
709,Immensea,B-S347,9,1,,Dazzling Spodumain,0.18,Resplendant Kernite,0.61,Zeolites,0.21,,,,
710,Immensea,B-S347,9,2,,Brilliant Gneiss,0.32,Glossy Scordite,0.26,Immaculate Jaspet,0.22,Zeolites,0.2,,
711,Immensea,B-S347,9,3,,Coesite,0.49,Pellucid Crokite,0.18,Resplendant Kernite,0.33,,,,
712,Immensea,B-S347,9,4,,Bitumens,0.18,Resplendant Kernite,0.33,Scintillating Hemorphite,0.22,Stable Veldspar,0.28,,
713,Immensea,B-S347,9,5,,Immaculate Jaspet,0.51,Jet Ochre,0.28,Zeolites,0.21,,,,
714,Immensea,B-S347,9,6,,Bitumens,0.45,Opulent Pyroxeres,0.24,Resplendant Kernite,0.31,,,,
715,Immensea,B-S347,9,7,,Bitumens,0.21,Brilliant Gneiss,0.26,Immaculate Jaspet,0.17,Sylvite,0.36,,
716,Immensea,B-S347,9,8,,Bitumens,0.36,Dazzling Spodumain,0.47,Zeolites,0.17,,,,
717,Immensea,B-S347,9,9,,Bitumens,0.2,Lustrous Hedbergite,0.23,Pellucid Crokite,0.57,,,,
718,Immensea,B-S347,9,10,,Bitumens,0.22,Sparkling Plagioclase,0.54,Sylvite,0.25,,,,
719,Immensea,B-S347,9,11,,Bitumens,0.23,Immaculate Jaspet,0.17,Pellucid Crokite,0.26,Stable Veldspar,0.33,,
720,Immensea,B-S347,9,12,,Brilliant Gneiss,0.34,Coesite,0.22,Pellucid Crokite,0.17,Resplendant Kernite,0.26,,
721,Immensea,B-S347,9,13,,Flawless Arkonor,0.49,Zeolites,0.51,,,,,,
722,Immensea,B-S347,9,14,,Bitumens,0.26,Coesite,0.24,Glossy Scordite,0.23,Scintillating Hemorphite,0.26,,
723,Immensea,B-S347,9,15,,Coesite,0.22,Flawless Arkonor,0.21,Opulent Pyroxeres,0.31,Platinoid Omber,0.26,,
724,Immensea,B-S347,10,1,,Brilliant Gneiss,0.48,Immaculate Jaspet,0.31,Sylvite,0.21,,,,
725,Immensea,B-S347,10,2,,Bitumens,0.23,Platinoid Omber,0.21,Resplendant Kernite,0.29,Scintillating Hemorphite,0.27,,
726,Immensea,B-S347,10,3,,Bitumens,0.22,Coesite,0.27,Dazzling Spodumain,0.22,Sparkling Plagioclase,0.29,,
727,Immensea,B-S347,10,4,,Bitumens,0.18,Jet Ochre,0.21,Pellucid Crokite,0.28,Sylvite,0.33,,
728,Immensea,B-S347,10,5,,Coesite,0.21,Flawless Arkonor,0.16,Pellucid Crokite,0.32,Stable Veldspar,0.31,,
729,Immensea,B-S347,10,6,,Coesite,0.22,Euxenite,0.38,Sylvite,0.22,Zeolites,0.18,,
730,Immensea,B-S347,10,7,,Bitumens,0.2,Coesite,0.26,Pellucid Crokite,0.17,Stable Veldspar,0.36,,
731,Immensea,B-S347,10,8,,Bitumens,0.21,Brilliant Gneiss,0.27,Pellucid Crokite,0.3,Sparkling Plagioclase,0.22,,
732,Immensea,B-S347,10,9,,Bitumens,0.2,Euxenite,0.31,Pellucid Crokite,0.28,Resplendant Kernite,0.22,,
733,Immensea,B-S347,10,10,,Brilliant Gneiss,0.29,Jet Ochre,0.18,Platinoid Omber,0.32,Zeolites,0.21,,
